,Tweet_ID,User_ID,Tweet_Text
0,TID_10886074461835763183,UID_936710422160266708,"The logo of India’s largest public sector
bank, SBI was made in Ahmedabad and inspired by city’s Kankaria lake? http://t.co/irIQuH26Y8ieEiK5JSB9"
1,TID_885277386011919676,UID_15198247484511709407,"यह तो हद हो गया @oRLfV2xHG8Og जी और @lHpBcznqBTSf0aQ जी...कुछ भी करलो...हारना तो तय है...

आप भी देखिये...और अधिक से अधिक इसको शेयर करें ताकि सबको पता चले... 

End... https://t.co/ySQNViXS7I8FWZ:djzQs"
2,TID_10534469632068746701,UID_12387818764662547044,‘She’ won a gold medal at #ParisOlympics https://t.co/xbAaRns:GIQMTdgE-w:C
3,TID_8210112446762555302,UID_205664754430939548,बी जे पी का विकाश देखलो https://t.co/lceEc784qtfZXuJQx7i4
4,TID_12245197957203332959,UID_143519955176205068,संविधान निर्माता बाबा साहब डॉ.भीमराव अम्बेडकर जी की जयंती के सम्बन्ध में अपर पुलिस अधीक्षक नगर मथुरा द्वारा दी गयी बाइट- https://t.co/v-lIJ-UaQBjsdv15EZ-T
5,TID_3348655319832608455,UID_2168951771106398786,"#महाराष्ट्र में शांतिदूत ( #जिहादी )  हिंदुत्व की रैली में विघन डालने का प्रयास करने की कोशिश की। प्रशासन की मुस्तैदी से हिन्दू मुस्लिम दंगा होने से बच गया।

लेकिन सेकुलरो को यह शांति दूत की दिखते रहेंगे

#सनातन_राष्ट्रीय_धर्म
#सनातन_धर्म_ही_सर्वश्रेष्ठ_है https://t.co/wIPb6JRezd_K2rqvKtha"
6,TID_10394764710196110772,UID_1013466449129478840,"Horror!
Hindu man brutally beaten up by 'shanti doots' for objecting to their reading Namaj thrice in moving train thus even obstructing way to bathrooms

Security guard kept quiet and no one helped the hindu man in a train to vishakhapattanam

Tyranny of fascist minority.. https://t.co/HZ82y1MchFbQKoyF~-Gn"
7,TID_1100215499902018256,UID_10883491284034178564,"Live: Public Meeting at Hapta Kangjeibung, Imphal.

#Manipur https://t.co/~vH3jpIJJXc4Dm4z~o4X"
8,TID_6116733817289623525,UID_7286470334930969094,Electrifying atmosphere at PM Shri @oRLfV2xHG8Og's public meeting in Kolkata. #DeshKeLiyeModi https://t.co/JqKVwVRWkV~-AlpR8yZf
9,TID_7830403465262939420,UID_7625794416556980492,"हरियाणा के एक मुस्लिम ढाबे में हिंदू महिला को देख कर मुस्लिम वेटर ने महिला पर अश्लील कमेंट किया,
 महिला के विरोध करने पर उसके पति को पूरे मुस्लिम स्टाफ के लड़को ने मिल कर बहुत मारा।
किसी मुस्लिम के ढाबे में फैमिली सहित जाने से बचे!!!
धन्यवाद।।🙏 https://t.co/wi7Ol5IB4cO1pQLRVdiW"
10,TID_8811438504034290197,UID_11622645093394675805,एक बेरोज़गार बंदा 😳 https://t.co/ygDjlFXtEQPLwLf6CJq8
11,TID_6201746538584825552,UID_16532552811405416278,ब्रेकिंग न्यूज... मुंबई नाई जिहाद**** एक मुलले ने पुलिस के सामने कुबूल किया कि मस्जिदों में नाईजेहाद के लिए पैसा मिलता है । जिसमें हिंदुओं को एड्स के ब्लेड से हल्का सा चीरा लगाने के लिए सिखाया जाता है. और ज्यादा से ज्यादा लडको को अंदरूनी युद्ध के लिए तैयार किया जा रहा है। https://t.co/5AwkWv5b50i8Y_GW0vRh
12,TID_5114369940886094522,UID_16284516066175139938,"अच्छा, तो अब नमस्ते प्रणाम भी बंद हो गया? 

वैसे BJP की मीटिंग में इतना मातम मायूसी का माहौल क्यों? https://t.co/NwyXa0R~9UwCJsvtgz:D"
13,TID_10329220049512826186,UID_9267418770234591379,"Baarish thi, aapko kasht hua uske liye dhanyawad - Rahul 😂 https://t.co/lkusyAI~8SkhMf4R1HTJ"
14,TID_5535135393699432377,UID_2987522328841355734,"कलयुग में घर परिवार रिश्ते नातें सब व्यर्थ हैं मनों.......?

Delhi: तीस हजारी कोर्ट हिसाब किताब बराबर करने पहुंचा परिवार किसी बात को लेकर आपस में भिड़ गया....!!
एक दूसरे के बाल खींचती नजर आ रहीं महिलाए...!
घटना का वीडियो वायरल है...! https://t.co/~0n~Wdqkepi_iAGQ9iWf"
15,TID_8168237009910353438,UID_14932150795233576035,"𝗖𝗹𝗮𝗶𝗺: A letter circulating online claims that an agreement was signed between PTI chairman Imran Khan, the interior secretary Yousuf Khokhar and the U.S. ambassador Donald Blome, where the ambassador offers Khan certain sureties in case of arrest. 

𝗙𝗮𝗰𝘁: ❌ The letter https://t.co/yw0M3YyvEySqc_NIz2fS"
16,TID_8231135937704668313,UID_1697343681882461588,"बेटियों की सुरक्षा के लिए संसद के सामने अपनी बेटी को लेकर पहुंचा तो पुलिस वालों ने घसीटा, गिरफ्तार किया। 
मोदीराज में बेटियां सुरक्षित नहीं है
मोदी सरकार मुर्दाबाद 
@mK6slKgXiQLVlI
@gpmiLJTnZT5 
@erh @pmUNufDrYPvG @b9Ka7OrOOfrOsNi 
@fcE5T188H 
@vN_JLaWeZWPX 
@hsNk78ke https://t.co/hTC3-ovYR4jR86Wt7Y1f"
17,TID_15175004887313337553,UID_8169925702631036851,"जयपुर : भयंकर बारिश बनी आफत

पानी के तेज बहाव में बहे लोग

सड़कें बनीं तालाब, कारें तैरने लगी
#Rajasthan #rains https://t.co/2U3GDLAG8fwzdysMMd6n"
18,TID_8588888705194689234,UID_4146712158681416574,"#الشعب_الامريكي_ضد_الحرب_على_غزة 
شاهد سيدة امريكية تعترض موكب ألرئيس الاميركي جو بايدن والشرطة تطرحها ارضاً.
تحية وتقدير لكل هؤلاء الإبطال الذين يكافحون بقوة من أجل فلسطين 🇵🇸 ومن أجل #غزة 
#بايدن_يقتل_اطفال_غزة 
#اسرائيل_تخسر_المعركة 
#اسرائيل_دولة_احتلال 
#جريمة_ابادة_جماعية https://t.co/D81dYeCR~yfFSJag_-vF"
19,TID_134158530478440434,UID_11739091932644558964,"ईआरसीपी के लिए प्रधानमंत्री जी ने वादा किया था जयपुर में, अजमेर में और वो अभी तक वादा निभा नहीं रहे हैं जबकि ईआरसीपी इतना महत्वपूर्ण है, ये कोई राजनीति का खेल नहीं है, वसुंधरा जी के वक्त में बनाई है ये, हम उसको आगे बढ़ा रहे हैं, ये खुशी होनी चाहिए कि हमने बंद नहीं किया उसको। https://t.co/WwBiYcEFRXvrSM1f:9x_"
20,TID_5842897040168221061,UID_10828491681105941523,हे भगवान ये मैं क्या सुन रही हूँ 😱😱😱 https://t.co/~l4HriM3xm1V6QLh8v1y
21,TID_17139551169003605505,UID_14978137642234802846,"Accounts of common youth who are doing tedious job of watching Instagram and Facebook 24x7 will automatically get Rs 8500 credited every month to their bank account....Takatak ... Takatak.

#WealthRedistributionPlan https://t.co/PkPS~C3K8Dh:8~-1stKa"
22,TID_80300343508586520,UID_497257543150643520,इंद्र मेघवाल की अंतिम यात्रा.. https://t.co/KfRQ4D9lKvg8bs:9hT0p
23,TID_1395712350616447254,UID_11092720129244758694,"Modi Hatao Desh Bacho 🔥 Best Ads 💪🔥

#KarnatakaElection2023 https://t.co/:_UeGhj20F_h2pJ7Hj7L"
24,TID_15391038864864744791,UID_7402932641230592753,"The IDF in Arabic:

Due to the lack of medical equipment and the lack of medical staff, it was decided to bomb the Baptist Hospital in Gaza and give them euthanasia death. https://t.co/78JV89v3K3k:p:ge8hYa"
25,TID_12356903233999290346,UID_7960570732487110919,"Indian Muslims in Haj praying for destruction of India. In Tamil the man is saying ""do dua for destruction of our country. Also do due for destruction of RSS and that BJP shouldn't win"".  @q_v pls cancel citizenship of these people.
Video credit: @h7oZQKkr5F_Zuv_ https://t.co/jjoLUGS~gqWUaAGuEanA"
26,TID_11964123049658309897,UID_9302604607152193774,"ये किसान हैं??

आंदोलनकारी खालिस्तानी भिंडरवाले की फोटो को शान से प्रस्तुत कर रहे हैं और देश के  प्रधान मंत्री मोदी जी का पुतला बनाकर उसे घसीट रहे हैं

सरकार को इन खालिस्तानियों का अब इलाज उसी तरह किया जाना चाहिए जैसे पहले हुआ था https://t.co/aP69gXLLO2M8TjX-l7z4"
27,TID_8902489719953467118,UID_5066959197901835846,"I've had credible replies that they are two separate incidents. The donkey with the Israel flag is from 2011 when Palestine was going for statehood at the UN. But, it is an image of derision.

The 2nd is a donkey burnt after being killed by an Israeli airstrike in 2014. https://t.co/8IGjaRhpGT_d4pLTJ8dR"
28,TID_424649690853942653,UID_6394329074332440120,तेलंगाना मे कलेक्टर कार्यालय का उद्घाटन । मौलवी द्वारा https://t.co/uSXYk6EYpf0RoGCqRm4K
29,TID_3943827916328459841,UID_6180875585614378300,Do you see him too? https://t.co/p-3P0EwTLXKbgsLe0ViU
30,TID_18108029741281142126,UID_6162400997795746884,"Chhatrapati Shivaji Maharaj descendant👉 Shahu Chhatrapati, Congress MP from Kolhapur holding his ears, seeking an apology from the local minority community for the anti-encroachments drive on historic Vishalghad.

Descendants keep shaming legacies in Maharashtra https://t.co/eDL3bwqOGySLAJI_Jxs6"
31,TID_1571430287232052542,UID_18073975885749667752,"#Elazığ'daki bir anaokulu, kız çocuklarının Kur'an-Kerim okumaya geçişini gelinlik ve türban giydirerek kutluyormuş. https://t.co/FuxIAM4cWbhU3UR8CC1J"
32,TID_10754013678948527194,UID_5738103343123188275,रुझान आने लगे है #फ्लॉप_हुई_पठान https://t.co/r:7f-Aufqf~21-Ib_aNk
33,TID_12955647898266868828,UID_18021047775578333929,"When your CM is Pegwant Mann 🥃 

😂😂 https://t.co/5rB01~BCVlESukIWdXUg"
34,TID_3541206421888411124,UID_4124766292234321396,"ایس پی صاحب اورنگی ڈویژن کی سربراہی میں ایس ایچ او پاکستان بازار نے کاروائی کرکے ملزم اسماعیل ولد ابراہیم کو گرفتار کیا۔

گرفتار ملزم کو مزید قانونی کاروائی کے لئے تفتیشی حکام کے حوالے کیا جائے گا۔

ترجمان ضلع ویسٹ پولیس https://t.co/IasNP7XjsCYDqGebFZEn"
35,TID_15828623321778248406,UID_8766756871623092560,"ఇక్కడ ఇచ్చిన ఎక్జిట్ పోల్స్ సర్వే సంస్థలు ఏవీ.. అల్లాటప్పా సంస్థలు కావు !!

గవర్నమెంట్ స్కీంస్ ప్రమోషన్స్ కోసమని 6 కోట్లు తీసుకున్న టైమ్స్ నౌ కూడా జగన్ టైం అయిపోయింది అని చెప్తోంది !!

తెలుగుదేశం కూటమికి మినిమం 108 నుండి మాక్సిమం 158 సీట్ల వరకు ఇచ్చాయి ఈ సర్వే సంస్థలు !!

So, say https://t.co/plvDft7z3ZSWdTL_L~mg"
36,TID_17778476127738075998,UID_7095988422622097157,ये तस्वीर अभी के किसान आंदोलन की नहीं है। कृपया इसे शेयर ना करें। ये तस्वीर जुलाई 2016 की है। तस्वीर में- Mohammad Imran Parray हैं। जो कश्मीर से हैं। चेहरे पर पैलेट गन के निशान हैं। जैसे अभी किसान आंदोलन के दौरान किसानों के शरीर पर मेडिकल जाँच में भी प्रूव हुए। https://t.co/Y-OJD_quNHu~XnCMk4rz
37,TID_7511003505751130231,UID_6185291067465609447,ایون فیلڈ تازہ ترین https://t.co/lNG8ffRaMv14fLaXz~_K
38,TID_12772452982539774306,UID_5473959460079121363,"Thank you @bhQoaWtbVHy for your kind consideration towards the people of India but don’t u worry our government has taken enough precautions over last few weeks not to make full tank of fuel even a remote possibility 🙀
#FuelPriceHike #PetrolDieselPrice https://t.co/avLMvqJC3pk8pKfBRpwk"
39,TID_3948471359686965602,UID_12628923836754874611,"विकास पाठक ने अपनी माँ-ज्योति पाठक से शादी करके बीबी बना लिया...

ये ट्विट Repost करके उन अंधभक्तों तक पहुंचाए जो हलाला पर गलत बयानबाजी करते है... https://t.co/rYtkyh_ly70n9uW7OqC4"
40,TID_11182827930507674461,UID_8511600536579613721,"@thBMLFdf9uIB7uz @no4V8Ahh77Ji @q_Eu4 @iGIwqVRgcq @o3P4IL केदारनाथ धाम पैदल मार्ग पर श्रद्धालुओं के साथ मारपीट करने वाले घोड़ा खच्चर संचालकों के विरुद्ध कोतवाली सोनप्रयाग पर मुकदमा दर्ज कर गिरफ्तार कर लिया गया है।
https://t.co/rM8YcaFoVZ1Hf6KqQNnL"
41,TID_6463593887501000936,UID_1090406016431067805,"राम राम.. :( हे राम.
भाजपाईयों से बेटियाँ बचाओ."
42,TID_5906102171709502966,UID_15657106980100469304,"बांग्लादेश में लड़कियों की हालत देखिए, जो  हिंदू लड़कियां बिना बुर्के के सड़क पर चल रही हैं, उन्हें  कैसे एक कट्टर जिहादी मुस्लिम युवक बीच सड़क पर उनकी पिटाई कर रहा है 
इससे पहले ये सब भारत में हो जग जाओ आलसियों https://t.co/6VkI_UXY_CL-sfP6sf~X"
43,TID_3877447243444939300,UID_1436530283170074371,"यमुनानगर जगाधरी हरियाणा 

एक शख्स  डिस्टिक कोर्ट में जज साहब को ही मारने लगा क्योंकि वह न्याय से संतुष्ट नहीं था https://t.co/GHzAGAuy8udVHZL8I6ue"
44,TID_9603585960384243166,UID_8020498135571319065,"@cvfKG9m249 Dear Paramjit,

Clarification: The audio in the referred clip does NOT belong to Dr Jamshed J Irani, Former Managing Director, Tata Steel.

Request you to refrain from propagating false/fake news. Seek your cooperation.

Regards,
Team Tata Steel
https://t.co/YKEvRLfhaeigJo~b4cqA"
45,TID_6882327769482551019,UID_7834882179677415811,"Based on the complaint of a university official, an FIR has been registered against 8 students and 14 outsiders. https://t.co/XX8BG1G3lmmpZT-dhs_S"
46,TID_14995320861880054444,UID_7029415367074276312,कोई फैक्ट चैक करके बताएगा या @mZFW8AK3 @e7PW5YRkN1 @boCn3quofQ @fcE5T188H कोई अपनी मानवीय टिप्पणी करेंगे? https://t.co/xgTW6Z3PAqKIFI1fiMQN
47,TID_2610196304506122566,UID_1316501248629804879,"Sabarimala rush: Heart-wrenching video of crying child seeking help to find his father emerges; WATCH
.
#Sabrimala #ViralVideo #Darshan #LordAyyappa #Pandalam #Nilakkal https://t.co/SU7EdH1eI5Ee8xHD9Z:N"
48,TID_16116927906136193547,UID_15398739449649741613,"Hello @gN8Hj8fVr chachi .

No RSS and Bajrang dal in Sweden .

MusIims attacked the Eritrean community festival in Sweden.

Retweet it . 

 https://t.co/OA3L88ZLgxU_adG_P1hr"
49,TID_13201978691720117018,UID_15855799189585990086,"आज से कर्नाटका में किसी भी कॉलेज में हिजाब पर रोक टोक नहीं।

Hijab ALLOWED To All Colleges In KARNATAKA From TODAY.❤️
Thank You So Much .. https://t.co/wKzDPTh-b1Cfz7jqgNQy"
50,TID_1901515133575228923,UID_2543538727687535101,"PM @oRLfV2xHG8Og ji's Govt is committed to ensuring Safety and Trust of all DigitalNagriks using Internet

Under the IT rules notified in April, 2023 - it is a legal obligation for platforms to

➡️ensure no misinformation is posted by any user  AND

➡️ensure that when reported by"
51,TID_16973563218159574458,UID_8344402099890332756,"Αλλη μια μικρή ""λεπτομέρεια"" για το ποιους υποστηρίζουν οι διαταραγμένοι της αριστεράς. https://t.co/4mF7gNj98f3xz~wnpzuE"
52,TID_15377069295069509818,UID_1744180022253788184,Bhagwant Mann AAP Rule Starts in Punjab 😂🍻 https://t.co/AtDB0k-j7q339syF1~v:
53,TID_3628981252446020136,UID_10963715800651031608,"My latest for the Washington Post :   In Modi’s India, hatred toward Muslims is being inflamed by authorities https://t.co/6YY-ImeW4DA7yrDLONSw"
54,TID_16154043309002106748,UID_16371204876076456164,भगवा तो दूर की बात अब इन्हें तिरंगा भी नहीं चाहिए ? https://t.co/uD~cxKALFVZ4ySbLxEU-
55,TID_5913617836287723486,UID_13145170244503254647,"मुस्लिम महिलाओं ने हिन्दू महिला पर बुर्का पहनने का डाला दबाव।

कहा, बस में चढ़ने से पहले बुर्का पहन कर आया करो। https://t.co/lLw5UxWb~PnFb0iBzWhK"
56,TID_5090425631372695048,UID_12534026690627115859,"*Just ZOOM and see at New York Stock exchange what is displayed in digital display.* 
Jai hind 🇮🇳🇮🇳🇮🇳
Bharath maatha ki jai 🚩🚩 https://t.co/YSzEH4ypEI6k7e6g1:IY"
57,TID_5954961288522084843,UID_5107653398755811925,"Malabar gold is a Muslim owned shop, scholarship is given only for the Muslim girls. We Hindus should...? https://t.co/XzTo9v3c1Ths1QF2bKO1"
58,TID_7963449097641988284,UID_7973121764438258606,"कल 20 मार्च को खजुरी से लेकर करावल नगर तक विशेष समुदाय के लोगो ने हिन्दुओ के बच्चे जो 12 th का पेपर देकर लौट रहे थे चाकूओं से हमला किया तकरीबन 20 से ज्यादा बच्चे बुरी तरह घायल पुलिस औऱ नेता मोन क्यों  
@cu1KPOMJEWo https://t.co/X8AX3fVhqYljOGeSiyOp"
59,TID_15922385054803622068,UID_11064378630862288536,"दोस्तों ये कौन सा उपचार कर रहा है ।शर्म कर लो मोलविओ । किसी की बहन बेटी के साथ इतना गंदा काम कर रहे हो ,पता नहीं कैसे लोग है जो इन पाखंडियों के पास अपनी बहन बेटियों को ले जाते है ।शर्म कर लो 😡😡😡

@w5uVo4gQSOjL1 https://t.co/HI-gdOM0QWe4Rpas5sL2"
60,TID_13810215270450998125,UID_10086235079952447591,"Amid all the hype and claims of economic revolution in the country in last 9 years, a Surat based diamond trader was forced to throw away his diamonds on the streets after getting frustrated over failure to create demand for his business in the current challenging business https://t.co/jRaLvYbCYnAZOfUeGYst"
61,TID_11771060982050974697,UID_17367576295805931097,"RSS Sarakaryavah Dattatreya Hosabale congratulated Dr S Somanath, Chairman of ISRO on successfully leading of #Chandrayan3, at Rashtrotthana Parishat, Chamarajapete, Bengaluru. https://t.co/qPyOVzewDP67dAYtwpbP"
62,TID_6038572692129777086,UID_14055782895628766447,"ये देख लो ट्रेन में भी ठुल्लो की दादागिरी अब हिंदू एक नही होने के कारण सब जगह मार खाता ही रहेगा।
कुछ लोग फिर भी कहते हैं कि उनके लिए इतना जहर क्यों है दिल में😠
ये कौम असुरों का दूसरा स्वरूप है✍️

#जागो_हिन्दुओं_जागो🙏 https://t.co/3PWzbcET6fVRC8rRS82u"
63,TID_16729832702630897730,UID_2043132880031866227,Mesmerising musical beats and excitement fill the air as the Karnataka Bharat Gaurav Kashi Darshana #BharatGaurav tourist train departed today from Bengaluru Cant. Railway Station. https://t.co/cNmrI6qQ9DTvlyIBGlgO
64,TID_7491671430149989392,UID_8869893107684278780,"कुतुबमीनार मुगलों ने बनाया था, सबुत के तौर पर कुतुबमीनार के लोहस्तंभ पर देखो मुगलों के पूर्वजों के नाम लिखे हैं, विश्वास नहीं हो रहा तो zoom करके देख लो 🧐🧐 https://t.co/bMgg4FSb32QVHsmnYrBa"
65,TID_2015552966760079867,UID_10804104810481778186,वंदे भारत Kasaragod to Trivandrum ONAM SPECIAL https://t.co/dVjBjHxmPZnbsARBJV-D
66,TID_13164546373795208919,UID_8367003381714462844,"सपा के राष्ट्रीय अध्यक्ष अखिलेश यादव (@dsECF4Ym2qW1N) ने NDTV से कहा, 'क्या मैं बेटी का एडमिशन कराने लंदन नहीं जा सकता?' https://t.co/M9-oWJbYFMq0dZHYEPHp"
67,TID_3608754650541640599,UID_11279284756447933955,"#FakeNews Alert 🚨: 

सोशल मीडिया पर एक वीडियो हो रहा है वायरल।

इस वीडियो को #राजस्थान का बताया जा रहा है, 
जबकि यह बात सरासर झूठ है। 

भ्रामक जानकारी वाले इस वीडियो को फॉरवर्ड ना करें।

#RajasthanPolice https://t.co/4t4Noiwn_r3_uJzsbiW0"
68,TID_12561518424839892448,UID_1763196906377885407,"समुंदर में ब्रिज बना सकते है, भूगर्भ मेट्रो बना सकते है, किंतु जमीन पर खड़े बिना रोड बना नहीं सकते.
Borivali East एक राज्य से भी बड़ा बजट होने के बावजूद मुंबई महानगरपालिका की लापरवाही देखिए। https://t.co/EfMfogh6s2hyRMHOS3Np"
69,TID_15632633802488550908,UID_13654359522045600394,"An incredible video, showing what can happen when two EVs collide. Note that both sides of the freeway have been shut down and there are no fire apparatus present because, once a lithium battery ignites, it cannot be easily extinguished and the fumes are toxic. https://t.co/uB363eBIRxiBaNg71Kzz"
70,TID_12662533460575930980,UID_11680197149320721049,#PulwamaAttack2019 💔 https://t.co/6cq_KBpkXuXAgbNSNTAp
71,TID_10939307519996960648,UID_13068974702899979256,"@b9Ka7OrOOfrOsNi उक्त वायरल वीडियो दो पक्षों के बीच गांव में हुए आपसी विवाद के संबंध में है। 

पुलिस द्वारा दोनों पक्षों के विरुद्ध गंभीर धाराओं में अभियोग पंजीकृत कर प्रभावी एवं निष्पक्ष कार्रवाई की जा रही है।"
72,TID_15454696903286196988,UID_16284516066175139938,"Dimwit Sanghis and ₹2 BJP trolls - I pity you, since you neither have friends nor people who like to hang around with you. 

The gentleman in the pic is Rahul Gandhi’s childhood friend Amitabh Dubey and the lady is Amitabh’s wife, Amulya. 

You miserable losers get a life! https://t.co/6LfBUWarWgaDyifWFG9F"
73,TID_17913175466210484222,UID_10438816273320369056,"Shraddha fell in love with Aftab, eloped with him to Delhi against her parents' wishes. They started living in a flat in Mehrauli

Now, it's found that Aftab chopped her body into 35 pieces &amp; bought a fridge to store them &amp; threw them at various locations over a period of 18 days https://t.co/aF5NuhmACcc78a4Tf1G2"
74,TID_10804606037679047761,UID_2291159061702494750,सबका साथ - सबका विकास - सभी को शराब !! https://t.co/IwTwMjfvx4hTS9idCRVT
75,TID_16088197088442159253,UID_4231972870895237565,"चूरू(राजस्थान) में गाड़ी हटाने की बात पर विशेष धर्म के युवक ने की हिंदू ट्रैफिक पुलिसकर्मी से अभद्रता, कहा: मंत्रीजी की कोठी पर आ जाना, घबराया पुलिसकर्मी सड़क पर ही फूट-फूट कर लगा, ये है कांग्रेस राज मे पुलिस तक की हालत तो आम आदमी का क्या होगा , 
@ent8pCRBi3PVr https://t.co/sOe3mNnkYS32V:suYvp7"
76,TID_14035689902145388573,UID_11534588218160852144,"@mj0HJwzcQR7MY @oRLfV2xHG8Og आपकी सुपुत्री @pLOMNaW30a0 वहाँ राफा के इस्लामी आतंकीयोंको सपोर्ट कर रही है, उसको भी थोडासा ज्ञान जरूर बाँटे!"
77,TID_2447635113303312389,UID_9020862882225427290,"Congratulations Communist Party of India for being named in top 20 deadliest terror groups of 2022. Your name is found amoung your sister concerns ie jehadi outfits.

Try to be in top 10 next time. https://t.co/v2:yiAB--5:WIA8V3xdM"
78,TID_9494584647814318438,UID_5407918225690890582,"In a shocking incident, a 9-year-old girl was thrown away by a man in #Kerala's Kasargod. The incident was captured on CCTV. #Shocking #NewsMo https://t.co/n-LrpU5fN4a3KMk:XHid"
79,TID_17577933210099788975,UID_12854248647373307589,"फक्त इतकेच..

इतके पोहे तर आम्ही रोज सकाळी नाशत्यात खातो ! 

😅😅 https://t.co/ppyp1pB5:1sXd3cL6iJN"
80,TID_5778421712938505774,UID_10864111256696841739,Muslim immigrant in Holland urinates on the pork section of the supermarket as another films saying ‘we don't eat pork’ 😡 https://t.co/Nwx0qX3z~ew7~Y4D:z:G
81,TID_1066530195079847763,UID_13143972983783750256,"A small iftar party thrown by Maulana Abul Kalam Azad for some of his acquaintances. 

Pic courtesy Pervez Muzaffar https://t.co/T16FYS_tVHn6AvMKKilc"
82,TID_7068248524817379587,UID_7442765977482374386,"मेरी ट्विटर आईडी से 2 दिन पहले त्रुटि वस एक Morphed फोटो पोस्ट की गई थी, जो कि इंटरनेट पे पड़ी थी, जिसकी जानकारी मुझे मिलते ही मैंने उस ट्वीट को डिलीट कर दिया था।
यदि मेरे उस ट्वीट से किसी की भावनाएं आहत हुई है तो उसके लिए मुझे खेद है।"
83,TID_12707757970163936449,UID_17007968500547781157,"केंद्रीय वित्त मंत्री निर्मला सीतारमण।
अपने पिता के साथ कितनी सादगी, सरलता और संस्कारवान निम्न मध्यम वर्ग जैसा रहन सहन है।
धन्य हैं निर्मलाजी और उनके पिताश्री जो सादगी, ईमानदारी और हिंदुत्व की अद्भुत मिसाल हैं।
सरकारी बाबू, पटवारी, सिपाही, सरपंच भी इससे अधिक ठाठ-बाट से रहते हैं। https://t.co/h85~ZMWoTsuMF4xz9TkR"
84,TID_1103656471733836751,UID_17931718170016036826,"Rahul Gandhi join with Manmohan Singh’s daughter Amrit Singh in #Uzbekistan Trip who works for #GeorgeSoros’s Open Society Justice Initiative.

Pappu looks Terrified in the 1st photo. Looks like Thief got caught red handed...

#RahulGandhi https://t.co/O4YR6UiwMnZjTRobLhrc"
85,TID_6017912696130890416,UID_3510826001753957512,"Wake up, India! 🚨 Take a look at this alarming video showing how Myanmar terrorist/migrants used drones to carry out attacks in our Indian territory, resulting in the loss of many Indian lives. Let's stay vigilant and address this serious concern. #WakeupIndia #SecurityMatters https://t.co/uCxBBr6SFWU~gyQ7OLiQ"
86,TID_3559045576231222003,UID_15424367004831861556,जिन्होंने आपको अध्यक्ष बनाया उनके बारे में ऐसा बोलना ठीक नहीं है खड़गे जी। https://t.co/_2cPAEjAxJ8UIHyf1q_x
87,TID_2939351512046498396,UID_10656307656982046745,"Count the No of Shoes 👞 hurled at Akhilesh Yadav

Correct answer will get a gift hamper https://t.co/vSncQnE85POpqZV~XgxR"
88,TID_17578913300700705640,UID_17775758831897637254,"शुकराना बाबा महिलाओं के साथ कमरे में सेक्सी पूजा करते हुए रंगे हाथों पकड़ा गया कर दी गई जमकर पिटाई
ईश्वर धर्म बना बाबाओं  के लिए अय्याशी का अड्डा
वीडियो तेजी से सोशल मीडिया पर वायरल हो रहा है गुरु जी महाराज बाबाओं से सावधान रहो यह सब कामवासना से भरे हुए हैं https://t.co/F:pYd:nbmgd1M5Pg2VGs"
89,TID_15794346543577948681,UID_12036779160369429426,"एक बेरोज़गार बंदा 😳

https://t.co/j9Lnh531S-vthRKKzc~u"
90,TID_1168231925574198170,UID_7029415367074276312,किसी और के लिए बम ले जा रहा था जिहादी.. ख़ुद ही 72 हूरों के पास पहुंच गया.. https://t.co/5IIDYE70X6BGwalPpGC8
91,TID_6419010086096830567,UID_6530513191643983966,"#AmritpalSinghExposed
जिस प्रकार गुजरात में बेट द्वारका के पास हजारों अवैध मुसलमान बसे थे उस आधार पर अंदाजा लगाया जा सकता है कि देश में सैकड़ों कसाब बसाए जा चुके हैं - @jYlk_tFBENUT जी (23-03-2023)
देश में बडे हमलों के एक साथ अंजाम देने की‌ कुछ तो बडी तैयारी चल रही है।
सावधान रहे https://t.co/LmV5Gm-~BjsiEOIJs:VW"
92,TID_11301821160243984015,UID_8596586002236791209,पूर्णिया में गणतंत्र दिवस के मौके पर फहराया पाकिस्तानी झंडा ! https://t.co/kyIaJ~I2w7FKLlYfPkpY
93,TID_4829233135019542030,UID_418536573127437944,"Bandra Railway Station (west) in Mumbai 
But हनुमान चालीसा not allowed.

हनुमान चालीसा घर पर पढ़ें क्यूँ कि सड़क जाम है...
ठाकरे सरकार https://t.co/fM~YQoPsXDsfUmSjOMCn"
94,TID_12530064535760978463,UID_12740562579043654019,ये फोटो किसान आंदोलन की है. और ये तीनों पहलवान अब सोना जीतकर आए हैं !! https://t.co/sNiBGq6a79Gv-0USIUKu
95,TID_10002725531900881144,UID_12962784540579661611,"#WATCH | West Bengal CM Mamata Banerjee expresses condolences to PM Modi, over the demise of his mother Heeraben Modi, during an event in Howrah that was attended by PM Modi through video conferencing.

(Source: DD) https://t.co/5vR1hAACZTQqDgq-0jG3"
96,TID_17005020331527697813,UID_18099853626496485812,ऑल इंडिया मजलिस ए इत्तेहादुल मुस्लिमिन राष्ट्रीय प्रवक्ता जनाब @u34ARGtQRDT सहाब और मुंबई महिला अध्यक्ष रिजवाना ईसा खान के फोटो पर गलत टिप्पणी करने वालों पर  मालवानी पोलिस ठाणे में F.I.R दर्ज करवाते हुऐ। @nj33cOhKbZZN8P https://t.co/j0Tr2Pc3jM:_I54f~vID
97,TID_10162651461321298909,UID_4045019284203170519,@nM0_USXNV https://t.co/I8YrfoGix0bIVNvrNJVM
98,TID_11762442892263622889,UID_16009260941288326387,#Hezbollah published a video demonstrating its anti-ship missiles after media reported the arrival of #US warships in the Mediterranean Sea. https://t.co/EVwOdnGdwbYG-Mfy_8mD
99,TID_11356252456671003822,UID_5473959460079121363,"And even if the earlier msg received on the name of @bhQoaWtbVHy is fake..the emotions n thoughts behind it remains the same 🙏🏻
No Indian can currently dream of a full tank anyway 🙏🏻 https://t.co/imIBRlwZjwLS~FrtmQbM"
100,TID_12948351694736564809,UID_12420152530749922308,నిర్మల్ జిల్లా నూతన సమీకృత జిల్లా సముదాయ కార్యాలయం (IDOC) ను ముఖ్యమంత్రి కె. చంద్రశేఖర రావు గారు నేడు ప్రారంభించారు. @qtF_tVEdHEdD https://t.co/BcFPRZ_k-A:xX:Cpe167
101,TID_1796883684301269647,UID_15937448373613274074,"जब बेटी लगी ,शराब घोटाले में फंसने 
लगे मोदी को, स्पेशल वाला दोस्त-दोस्त कहने  !

😁😁 https://t.co/S1hqAo:M3uxDOQwEl_I7"
102,TID_7659900129179306347,UID_13062084099935490088,"IMPORTANT NOTICE FROM VIP INDUSTRIES

#Skybags #VIP #OfficialStatement https://t.co/k2eObJzk_pIw5K7z-UhE"
103,TID_11868545184879745104,UID_9124811029667297030,"Thanks to @qKDJQv5TJEGCV Illusion Diffusion now has HD outputs

Please try it out again 🤩"
104,TID_545592841872717764,UID_4267445840879781319,"There are rumours going in Andhra / Telangana about poll numbers in our name.
Please don’t believe any such poll / numbers in our name. They are fake &amp; we have not released them.
Pls retweet if possible."
105,TID_10054430185696724225,UID_13595027123173455349,"@poUXrRvl9 Thanks for noting this @poUXrRvl9. 

The GTI report utilises Dragonfly's Terrorism Tracker data and incorporated the terminology used in their database, which mislabelled the Communist Party of India as it did not include the correct (Maoist) attribution."
106,TID_13099313191696393495,UID_2866200544569341194,There should be only one name plate on every shop : “HUMANITY” 🇮🇳
107,TID_2028671441199511620,UID_11629583346020715000,This was clicked in Gokarna by a french tourist. A message to the entire planet earth from mothe nature. Goosebumps. RT WHEN YOU SEE IT. https://t.co/8Er6CGDY5UvJtT-e7ro1
108,TID_14330110967587580457,UID_7230461346597832385,"बेंगलुरु में 'कपड़ों' से पहचान सकते हैं??   शिवाजी नगर बस स्टॉप पर बच्चों के अपहर्ताओं को रंगे हाथ पकड़ा गया।   शहर में बच्चों के “अपहरण” करने का जमावड़ा, सभी जागरूक रहें ... https://t.co/kSx9ZMuPaJrIZXcBvrGL"
109,TID_13758383105217733484,UID_12962784540579661611,"#WATCH | Karnataka Dy CM DK Shivakumar says, ""...INDIA (alliance) will form the govt"" https://t.co/sYf7-MiA-Eemfo4ooXLC"
110,TID_11397037454315637776,UID_2944208966985678501,"Tsunami of crowd at the iconic Gandhi Maidan in Patna 🔥

Over 12 lakh people joined the historic rally today. https://t.co/G14n6YB61X3t0eDWdizk"
111,TID_10006718071294617621,UID_17035508004647329236,"Rahul with BBC documentary producer six months back.
So it seems producer had planned the documentary six months back and financed by........?😡😡
#JNUCampus 
#JNUSU https://t.co/TUrfJh6nxcl9jA5EsqXD"
112,TID_1592728092627088474,UID_13382028358382793292,"“Newly appointed Uganda police spokesman hits News reporter with a caterpult for asking irrelevant question.”

😂😂😂😂😂😂😂😂😂😂💀 https://t.co/hP4cG3zkOipo0ZpW9Vcs"
113,TID_6475316628696359572,UID_14530409725414286691,ऑपरेशन रूम में बेहोश गर्भवती  महिलाओं का रेप करने वाला डॉक्टर इस्लाम मोहम्मद । https://t.co/hmm0HaD8lqYH~xDgkWCQ
114,TID_9250947748939697097,UID_13325880593062952533,"एक ओर आतंकियों की प्यारी पाकिस्तानी सेना ने Pok स्थित हिंदुओं के पौराणिक धर्मस्थल शारदा पीठ की जमीन पर अनाधिकृत कब्जा कर वहाँ कॉफी हाउस  मीट शॉप बना लिया वहीं, जिहादियों ने हिंगलाज माता मंदिर को भी ध्वस्त कर @m0KYW1 साइट को भी नहीं छोड़ा। प्रदर्शनकारीयों का भी दमन!
क्या https://t.co/VbFpgURrfd57I4_DNQLR"
115,TID_13332602023684499414,UID_11319790981827137793,"And they accept Defeat 

DK Shivkumar says INDI is not forming the Government 

 https://t.co/WUzWsbyn2_BT44rVbIQw"
116,TID_12469704912598151403,UID_14194930843867946386,"RSS banned in Canada.

Waiting for Bakths to come with a storyline that George Soros &amp; Congress are behind the ban of RSS in Canada. https://t.co/qKWr_OhsTCV14xlJc1Fo"
117,TID_13270962895496532538,UID_11150590109483361935,पूरा देश स्तब्ध है। पूरे देश की आँखों में आँसू हैं। अब तो प्रधान मंत्री जी को अपना अहंकार छोड़ देना चाहिये।
118,TID_9549987178388422401,UID_5856575808341707738,संविधान की तुलना में धर्म में कानून का स्रोत खोजने वाले धार्मिक न्यायाधीशों में तेजी से वृद्धि हुई है : डॉक्टर मोहन गोपाल #DrMohanGopal #Constitution https://t.co/UdjsDFwzCayIDN5p_mHU
119,TID_11407413345200766894,UID_9894299582571627574,"25 साल पहले फ्रांस 'लिबरल-मानवता' का पाठ रट रहा था...अब उसे 'सबक' मिल रहा है..

आम फ्रांस के नागरिकों के पास चलने को रास्ता नहीं है. https://t.co/X2YLSUmi2SwGVeAGNLX5"
120,TID_17090969359203965044,UID_14504682223653562768,9N-ANC Crash Update https://t.co/Sy9OvIDg6wxxB9N7A94J
121,TID_16596919777464391170,UID_3630620580306735315,"Association of Sunni Muslims, Dubai is offering full financial support to Muslims to fly to Karnataka to defeat 'Fascist Forces' and restore CONgress. 

Meanwhile Hindus are sleeping at home as it is a hot summer or worse lying that Mualana Modi has done nothing for Hindus. https://t.co/~I0Asbhmlmlnj:Xe9Jq4"
122,TID_2344021114487122965,UID_9820389093663320444,"देश के @hqud79fa @oRLfV2xHG8Og की हत्या की धमकी लगातार दी जा रही है। #FarmersProtest2024 से वीडियो दिखे कि, इस बार पंजाब से बचकर नहीं जाएगा। @nJI8556b इस तरह से देश के प्रधानमंत्री को मारने की बात करने वालों पर कोई कार्रवाई नहीं होना, बहुत गलत है। यह वीडियो देखिए। समझ नहीं आता https://t.co/1mMvMJlT7s3LCKary5yP"
123,TID_7553137027494889340,UID_9810548362896104290,बच्चे यहां नुपुर नुपुर करते रहे और पापा जी शेख साहब से  150 तोले का सोने का हार ले आए 😀😀 गजब बेइज्जती करते हैं मोदी जी अंधभक्तो की 😀😀 #गजब_बेइज्जती_है https://t.co/V_C0-qAKuGzQRu5J56N9
124,TID_14891189814039619178,UID_11412687148045844771,#pathan UAE fans celebrating their kings glory https://t.co/usQkLJF8ZrzJKMa0p~P0
125,TID_6808011862357280014,UID_14978137642234802846,"Chief Dr. S. Somanath &amp; team ISRO 🫡
#Chandrayaan3 https://t.co/wUO:ayGgxdUMpry_RK4L"
126,TID_10172160098027327912,UID_12960897447492870117,@fOiLpZ_Fy9e4 All deleted 😂 https://t.co/thel9ChaS80E2sBCd78a
127,TID_3269348784809379590,UID_10812111615892498239,"Its a pity that @jbgjrXYqvcj ji isn’t aware that this school was under MCD, which was ruled by BJP for 15+ years, till 2023

Had his party spent more time on education than on falsely prosecuting AAP leaders, perhaps their schools wouldn’t have been in such a pathetic state."
128,TID_13246491969992706134,UID_3366076508475044871,"#WATCH | ACB officials find money in the Pipeline of PWD Junior Engineer Shanta Gowda's house in Kalaburagi, #Karnataka https://t.co/OV5tfwV2QHx6415q:c1B"
129,TID_4651400028939892843,UID_2526612055033520620,"TMC forces pressing the button before going to press the voting button.

Stop the farce in the name of election! Democracy today is ashamed, looted by TMC supporters! https://t.co/VpTDo5S8qtf9LaZMWGiV"
130,TID_14711688472410184483,UID_11534588218160852144,"This is the same Rhiti Tiwari, daughter of BJP candidate @mj0HJwzcQR7MY who shared that meme yesterday about Rafah, and also, she is a member of @tdD4uG5hJ!  This is a shame that such Izlamic Terr0r supporters are a part of the BJP! cc @wAlF8nvQQH @bSX1OfB https://t.co/_09GM5WUmgd-FIFAMMFh"
131,TID_14553180684317826078,UID_5559502590817695889,तेलंगाना के मुख़्यमंत्री के K चंद्रशेखर राव ने बॉक्सिंग मे गोल्ड मेडल जितने वाली @ibh5Q5svHpO9m   निखत  को पचास लाख इनाम दिया 💐 https://t.co/dHPNfnpEoWDALWbPQxs:
132,TID_2329996371179441222,UID_10248395203577944725,"गुजरात के मोरबी में भाजपा का चुनाव प्रचार कर रहें लोगों की जनता ने की कुटाई ??

कितने दिनों में जा कर आये हैं अच्छे दिन 😄 https://t.co/pCpaSKClTT8UomtbWBy7"
133,TID_9353577576761361366,UID_8635903829905107166,महाराष्ट्र के ईसाई स्कूल में  एक मुस्लिम टीचर ने जबरन  लड़कियों को स्कूल में नमाज पढ़वाई थी। फिर राज ठाकरे की मनसेना के कार्यकर्ता ने उसी मुस्लिम के पास से केसरिया खेस पहनवाया🚩🚩🚩जय श्री राम 🚩🚩 https://t.co/kehsoB::AY3R5WeVge2I
134,TID_3381544795652211577,UID_11262618682231388319,A glimpse of how India’s eastern part is changing and empowering lives. https://t.co/lDjNc9Dw6i6duHuuSZ_z
135,TID_11264094771140624710,UID_936544159317176468,#शबनम #खातून ने तीन बार वोट डाला बुर्का पहनकर... https://t.co/D75wcUF~LJDoyd2CKKG8
136,TID_8681460374974866708,UID_17641643193502161218,थाना पुरवा क्षेत्रांतर्गत ग्राम खरगीखेड़ा के पास एक ट्रक में आग लग जाने की घटना के संदर्भ में- @gDiS1gyh https://t.co/CNUfUAUNbJnk7Ez5Ey6e
137,TID_5846828410687497438,UID_10624866633383234459,"चंदौलीःनगर पालिका परिषद मुगलसराय में सोनू किन्नर आगे था पर प्रशासन ने बीजेपी प्रत्याशी मालती देवी को 138 वोटो से विजयी घोषित कर दिया, किन्नरों ने अपने तरीके से उग्र विरोध किया रि-काउंटिंग हुई,जिसमें 397 वोटो से सोनू किन्नर जीत  गया

Disclaimer: वॉयरल वीडियो में अशोभनीय दृश्य हैं https://t.co/5zzeFHG~pDYcBoUoIZBI"
138,TID_13188600122471482857,UID_14391251611943258718,"#HaldwaniEncroachment 
#Haldwani 
#illegal 
Here's a glimpse of the illegal Encroachment done by Rohingyas near haldwani.
And now they are playing victim card like shaheenbag through upfronting the ladies and child's.Even railway have the map of track on which ilg houses present https://t.co/DDHWajxxyHiDWhrwLe67"
139,TID_17780452520203247452,UID_4726898659634782231,"Sri Lanka PM Rajapaksa's sons had Rolls Royce, Lamborghini, Ferrari, Mclaren etc. See what happened to them yesterday.. https://t.co/yzXu6AvMTUPWuX31kJMi"
140,TID_14669861567328691342,UID_6964523502058136476,"सत्यमेव जयते ! 

मुकेश कुमार जी को अभी छोड़ा गया है।

सुदर्शन न्यूज़ का साथ देने के लिए सभी का धन्यवाद।
षड्यंत्रकारियों का प्रयास शनिवार- रविवार और 15 अगस्त के छुट्टी तक का था। 

#ReleaseMukeshKumar"
141,TID_8204301254952469039,UID_7244006495127945718,"""नई सपा"" में 'स' का मतलब 'संघवाद' है? https://t.co/nAIDhJ-q4:fTi0jnR-Vu"
142,TID_14936128798646489453,UID_173170854507193831,"Clarification: 
The news (Video) circulating in Social media saying ISRO chief Sri Somnath visited RSS office is not a fact. 
He has not visited RSS office. This is an old video clip when he met people who are heading the TAPAS project. TAPAS is an initiative where BPL students"
143,TID_2618558093585936285,UID_4933047425799657531,"लव-मैरिज के कागज के दम पर लड़की ने अपने मां-बाप से जिहादी के जुड़वाये हाथ -पैर...
गुजरात की घटना बताई जा रही है।
कल जब फ्रिज या सूटकेस में आएगी तब भी ये ही मां बाप रोएंगे। https://t.co/URaY_NYr2TpXxeX1ZoL6"
144,TID_4491167823745262454,UID_14690022509952881993,"Shahi Imam of Jama Masjid Delhi, Janab Ahmad Bukhari joined BJP..next election on one nation one DNA

यह लो इसको भी लगता है ED IT से डर लगै है। 
अल्लाह का खौफ जब दिल से निकल जावे तो यही सब होवे है, हलाल का रिजक खाया होता तो आज यह नौबत न आती। https://t.co/GzJw7WWz4ED_h0sBBMMy"
145,TID_937061373987613193,UID_16449064339785997386,"यह शर्मनाक और विभत्स मामला बेलारघाट मदनपुर, देवरिया, UP का है।

तस्वीर देखिये... 
मुझे ऐसी तस्वीर यहां नही डालनी चाहिए थी लेकिन काँपते हाथों से तस्वीर डालने की हिम्मत कर रहा हूँ। हिम्मत ही नहीं पड़ रही है इसे देखने की... 

इतना वीभत्स ओह्ह! ना जाने कितना दर्द कितना कितना तड़पाया https://t.co/aZhjc3YdQsxNPxf4d0WM"
146,TID_6426068990029744588,UID_214644813850887764,"ISRO Chief Somnath at the RSS office, Banglore.🔥🚩

It will give solid heartburn to Italians/IsIamists/commies.😂 https://t.co/76tCpuk3TQdw7PA0PR6W"
147,TID_10979482098484483558,UID_3088268114949109886,Can you @vOGT7v / @q8veW_oH43Cdsb/ @vmlpIN9S6 ever raise a voice against Hindu prosecution happening in Pakistan or Bangladesh? https://t.co/BU3ahwngcz7K42PWVfWM
148,TID_12239224410970972491,UID_13164424049458222549,श्री केदारनाथ धाम यात्रा पर आये श्रद्धालुओं के साथ हुई मारपीट की घटना के सम्बन्ध में वायरल हो रहे वीडियो के सम्बन्ध में CO रुद्रप्रयाग की अपील  #UttarakhandPolice https://t.co/T3JLPZHSfkqknleHzFnt
149,TID_14804328368660814171,UID_9079737511021687420,"#BREAKING | சொந்த கட்சி உறுப்பினரையே தாக்கிய சென்னை கிழக்கு மாவட்ட பாஜக பொதுச்செயலாளர் எஸ்.எஸ்.சுப்பையா மீது வழக்குப்பதிவு!

 #SunNews | #BJP | #BJPTamilnadu https://t.co/9EuobRtv4INRhFWdwIIe"
150,TID_2790690010737525149,UID_3838776815099894576,"Oh my God

यहां भी नेहरू जी... https://t.co/EjTXFbZ5mqq0bNSjUTAr"
151,TID_16423440892172210726,UID_3630620580306735315,"Kasab wore a Hindu thread during the Mumbai attack so Hindus could be blamed

Rumours spread by ISI IT Cell that #AtiqAhmed killers shouted Jai Shri Ram, this is same Modus operandi.

#AtiqueAhmad was a liability for ISI and his masters so he was eliminated.

Kerosene spreading.."
152,TID_909545346584858854,UID_1818556515538143771,"VIDEO | ""I am favourite of the BJP and RSS. False statements against me, fake letters in my name, and defaming me by editing my statements is their hobby. I have time and against lodged complaints with the MP Cyber Police, but they act as BJP's agents. We are not worried; we will https://t.co/7~T9_-GuTn9QDp85RGlx"
153,TID_11186629816260878578,UID_641096906784538516,@wRphZWfSfMPp_ दोनों लोग नाबालिग है। मेडिकल परीक्षा की तयारी करते हैं और दोनों एक ही जगह से हैं और एक दुसरे को जानते हैं। घरवालों द्वारा इस बात की पुष्टि लिखित में को गई है। प्रकरण में कोई अपराधिक बात नही आई है।
154,TID_2672271026415597895,UID_6112645017892658254,"This was our first ever performance, at Shaheen Bagh. We were a group that got together impromptu, none of us knew each other before, and we debuted with barely 10 days of rehearsal. The video has 5 lakh views, 28k Likes and 600 Dislikes. Watch :) 

https://t.co/DluRS6GEtOtbbNxAaPaP"
155,TID_12090579851499342293,UID_13345495395971031457,"यह तो होना ही था पर मैंने कुटाई करने के लिये नहीं सभा छोड़ने के लिए बोला था अगर आप से वोट धर्म के नाम पर माँगे। 
#झींगुरों फिर बोल रहा हूँ क़ायदे मे रहोगे तो फ़ायदे मे रहोगे आज विधायक जी का नंबर लगा है कल तुम्हारा भी लगना तय है। 
बाक़ी तुम्हारी मर्ज़ी। 
जय सिया राम ! https://t.co/dmaJ5jYkrCtMa3BfMjA_"
156,TID_8237813003417930988,UID_16878133279385253376,"Congratulations India !!!
Successful small train test run was conducted on 21 March on world's highest railway track under construction on Udhampur-Srinagar-Baramulla rail link on Chenab river in Reasi District of Jammu &amp; #Kashmir. https://t.co/C_RPtmnmYlt5kyVi1_iD"
157,TID_4050638664847619872,UID_2944208966985678501,"Since many are correcting me, This is not Chief Justice Sundaresh Menon but the former founding director of National Law School of India, Dr. Mohan Gopal.

But he gave a message to everyone. So please focus on what he is saying rather than telling me otherwise."
158,TID_1347670591962396551,UID_13232138230885637266,"Meanwhile Pappu went on another sudden secret visit, to Uzbekistan.

Who is this lady in dark brown shirt with Pappu 🤔? Brace up for one more toolkit or some evil happening in India. 🙆‍♂️🙆‍♂️ https://t.co/Hw326xnS_RPYrCwe8aFM"
159,TID_13258181614816042831,UID_16284516066175139938,"NDTV Poll of Polls confirms what we are seeing on the ground in Telangana.

@hsNk78ke is all set to record a historic win!

𝐏𝐨𝐥𝐥 𝐨𝐟 𝐏𝐨𝐥𝐥𝐬

◆INC: 68-76
◆BJP: 3-5
◆BRS: 30-35
◆AIMIM: 5-7
◆IND : 2-4

Total Seats: 119
Majority: 60

#Congress75inTelangana"
160,TID_8155651090399641588,UID_3474529064181226257,"@jMFLyQgr56z अभी X पर एक वीडियो वायरल हो रहा है जिसमें एक युवक एक बुजुर्ग को पीट रहा है, पीटने वाले युवक का नाम अभिनव सिंह S/o Birbal Singh बताया जा रहा है, कुछ लोग उस युवक की जगह मेरी फोटो लगा रहे हैं, जबकि उन अभिनव सिंह से मेरा कोई लेना देना नहीं है,  आप से अनुरोध है कि उपरोक्त"
161,TID_6810172930645439104,UID_16798991016793159190,Singh: We need his custodial interrogation... He is not even recognising that Vijay Nair was working under him. He says he was working under Atishi Marlena and Saurab Bharjdwaj. He pushed the entire onus on Manish Sisodia and said he has no idea about the excise policy.
162,TID_12120732600204161263,UID_214917478991985125,"@i9cELZpMXIb @fiopiZD5CiC He visited around 18 months ago. We talked about the history of the Khalsa Jatha with Shaheed Udham Singh, Princess Sophia Duleep Singh and the Indian independence movement."
163,TID_5261985888187273146,UID_15790997464003751063,"ग़द्दार भी पहला प्यार नहीं भुला सकता!
क्यो ज्योतिरादित्य https://t.co/zhQitO1VNTQL9v0FDE3U"
164,TID_16308841664735067082,UID_10343860177145709555,"According to confirmed unreliable reports, Imran Khan has entered into an agreement with the Government of Pakistan regarding sureties while he's in custody. https://t.co/8xyNe0NdfBewihzUEUg9"
165,TID_15911651673081979695,UID_13818096358338569704,"Pakistan army was planning to Rape Imran Khan.

Even Former PM is not safe from lust of ISI. https://t.co/74hp8cIA1WHundLJKgef"
166,TID_5660974630043543892,UID_2809210534196288280,"""तेरा सुंदर चुटिला रेशम का""
नृत्य करने वाली साधारण महिला नहीं है बल्कि राजस्थान के गंगानगर जिले की कलेक्टर #रूक्मणी_रियाड हैं..😊
IAS होने के बावजूद भी ये अपनी संस्कृति से पूरी तरह जुड़ी हुई हैं। हमें गर्व करना चाहिए अपने #सनातन_धर्म की संस्कृति पर..❤️🙏🚩
#रण_में_भगवाधारी 💪🚩 https://t.co/CiHdYJ_Iyo0Z-Yh-dBY0"
167,TID_11980402951658631995,UID_943744055487895323,"Just ZOOM and see at New York Stock exchange what is displayed in digital display.

न्यूयॉर्क स्टॉक एक्सचेंज की डिजिटल डिस्पले हेडलाइन को ज़ूम करके पढ़ें और नये भारत को विश्व कितनी गंभीरता से ले रहा है समझिए https://t.co/Ju3JUw9U9G7jWiMydYuI"
168,TID_10558623839900519811,UID_15102080658530464158,Nepal Air Crash https://t.co/KSB~tE:l-FGC:P8v0vbN
169,TID_12410527428118261298,UID_5156701699910585863,"@odZyDuywNKry Bihar, few days ago"
170,TID_5802290337522888398,UID_2951914537290555564,"Residents of Kangra, Himachal Pradesh, are raising concerns over illegal migration in Devbhoomi, alleging efforts to alter the region's demography.

Reports of 35 Muslim vendors sharing the same Aadhar card have intensified their fears &amp; protests are justified.

State @hsNk78ke https://t.co/2FuwppOWXszeCzBCscbI"
171,TID_17440599558154540061,UID_18103905737769733675,"Rising trend of mob lynching in India captured on camera as a Hindu mob brutally attacks a Christian. Concerns over communal violence and religious intolerance escalate, the international community must take notice of this situation.
#MobLynching #India #ReligiousIntolerance https://t.co/YEKT-2YIeTy9O9vZ:xz_"
172,TID_11121077944838848014,UID_13113816813205127816,"देश में सुप्रीम कोठे के एक चीफ जस्टिस हुए भूपिंदर नाथ किरपाल (बी. एन. किरपाल) भारत के 31वें मुख्य न्यायाधीश थे, जो 6 मई 2002 से 7 नवंबर 2002 को सेवानिवृत्ति हुए थे। 
इन्ही जज साहब के घर पैदा हुआ एक NA पुंसक बेटा  सौरभ किरपाल उसके 2 भाई बहन भी हैं। 
C3
👇 ये है वो https://t.co/Qyz4XFyZYHAilhew9k03"
173,TID_2469282969556658227,UID_6696195474327109076,Spot The Difference https://t.co/LxCjmHod_~ruYNKQhG6w
174,TID_14025554746264240933,UID_7735171670998850202,शोभायात्रा पर पत्थर फेंकने वाली महिलाओं की विदाई रस्म शिवराज मामा ने कुछ यों किया। https://t.co/QdmGA6EBUiTfB-Z1OnTz
175,TID_1744715967434347811,UID_6781765233406231510,"#DisinformationAlert 
@nRcYseOtI @wu8Ixu 
Seriously the confidence and ease with which they peddle disinformation is incredible. The clip this disinformation artist shared is from a SBS Series “The Swap” where 12 students from ++
(1/3)"
176,TID_18132003569084913187,UID_14804574714419997772,ನಿನಗಿದು ಬೇಕಿತ್ತ ಮಗ್ನೇ ನೇಣಾಕೊಂಡು ಹೋಗ್ಬಿಡು ಕಟೀಲ್ನೇ 😭😭😭😭 ಪಡ್ಚಾ https://t.co/Id16XMf3x4O:xoVM9p13
177,TID_11323423095322034182,UID_15709941414782235312,Kind of sums up what we are dealing with? Savages? https://t.co/f89GX1_1VNQuoaAuwS1m
178,TID_323072574839648912,UID_15673259313996021210,"Muslmano, checkout the score 🥲#Gaza https://t.co/4Qk13Kgt6Wzrq_Tq2H1O"
179,TID_3659964203585709177,UID_11816172708185057233,"Hello @bgduIEsBbIfYLTS ji, I am sure the account was used by other while tweeting these too or AI was launched in 2012 just to defame you ?? #Congress #SupriyaShrinate #KanganaRanaut #SoniaGandhi https://t.co/Q4kTKH5KA_E3fUXppUUD"
180,TID_14436262042866540206,UID_14762530388323646304,"आगरा में सड़क पर बिना अनुमति नमाज पढ़ने वाले 150 लोगों के खिलाफ पुलिस ने FIR दर्ज कर दी जिसके बाद मेरठ की मस्जिद में बैनर टांग दिए गए हैं कि सड़क पर नमाज कोई न पढ़े।
कानून का कड़ाई से पालन हो,तो कानून तोड़ने वाले खुद सुधर जाएंगे, #योगी जी का यूपी इसकी मिसाल पेश कर रहा है। https://t.co/cepj98Za3W11HpTnriA7"
181,TID_17564291411204728714,UID_4411383504057940090,"Update on Jamna Case: Two main accused rapists Roshan Shaikh &amp; Rajab Shaikh has been arreated &amp; an FIR has been lodged against them. 

#Justiceforjamna https://t.co/GbXUExlMNPWDszZtv6eX"
182,TID_11850857065273454268,UID_1975402700218130694,"Disgusting! Pakistani parade disrespects the flag of India.

A culture based on hating #India will not lead to a better future. Shameful. #Pakistan https://t.co/:KiwZMcmgkgIZwHIOs0b"
183,TID_13143328125106598582,UID_7513576063725349520,@iK0phj6xoA I have no idea. It’s not my car.
184,TID_3026619231214661275,UID_3452419625182010008,@h1YOUeu0pEUi https://t.co/xO4paba0BJPcgyjO0M24
185,TID_1644202711529141194,UID_1469428369762307514,"Pakistani parents lock daughters' graves to avoid rape

Read @erh Story | https://t.co/cCW_~cKdno_94lw:8LEU
#Pakistan #necrophiliacases #sexualharassment #crime https://t.co/leb79edqX7CaKR4G3feb"
186,TID_3322650948662586603,UID_12962784540579661611,"#WATCH | Balasore train accident | ""A few media reports are coming in that a Bahanaga staff is absconding and missing. This is factually incorrect. The entire staff is present &amp; a part of inquiry. They are appearing before agency,"" says Aditya Kumar Chaudhary, CPRO South Eastern https://t.co/N5Vb4ko7JRbkprrs8RwB"
187,TID_12940277724379987260,UID_13086019429289440165,ब्रेकिंग न्यूज मुंबई नाई जिहाद एक मुलले ने पुलिस के सामने कुबूल किया कि मस्जिदों में नाईजेहाद के लिए पैसा मिलता है जिसमें हिंदुओं को एड्स के ब्लेड से हल्का सा चीरा लगाने के लिए सिखाया जाता है और ज्यादा लडको को युद्ध के लिए तैयार किया जा रहा है सभी हिंदू-नाई से ही सेव-कटिंग कराये। https://t.co/p4LrIMVyGfowpiPZkcaR
188,TID_11610470064563213917,UID_15657106980100469304,"सहारनपुर उत्तर प्रदेश, का दादा अब्दुल गफ्फार रविवार मार्किट में 
छुरे लहरा कर गालिया दे रहा था 
तभी योगी बाबा की पुलिस आयी तो गफ्फार ने इन्हे भी गलियां और धमकी दे डाली 
उसके बाद जो पुलिस ने किया अब अगले 10 वर्ष तक कोई गफ्फार किसी छेद से
दादागिरी करने के लिए बाहर नहीं आएगा 
आएगा https://t.co/jN8oiTuLw:xG3SqlDX4p"
189,TID_10669162609579776194,UID_14294796003571089541,इलाहाबाद के संगम में गंगा से बादल पानी ले जाते हुए  प्रकृति का अद्भुत दृश्य https://t.co/IA2uvL50VmlcXvuO2ijF
190,TID_4248957063488923691,UID_12608356710359439544,ये कब हुआ? https://t.co/KJmA_7aHvQ68YvZCRyUq
191,TID_11446193879081662192,UID_11161169865850792778,French-Algerians and Algerians living in France protesting against Bouteflika's bid for a fifth term. Place de la République in Paris awash with Algerian flags and banners calling for a free and democratic Algeria. https://t.co/u_hGe2wq:0Xvc3y2uqem
192,TID_7873120568866773807,UID_14175262938273781605,"@boKMP8qRlnwXT The Woman is not a Hindu but from Muslim Community, and is struggling with Mental health issues, Here's a statement by Masjid community center.
https://t.co/~BXpQZnb93ZvQgu6lDg2"
193,TID_552258706994480353,UID_11130701827518290927,"Great wonder of India!

Experience the breathtaking beauty of the world's highest bridge, the Chenab Bridge, which seems to stand tall amidst the majestic mountains, spanning across the pristine Chenab River. Truly an outstanding feat of engineering.

#ChenabBridge #Chenab https://t.co/qLUl7uWPE3cADlsDZ~gB"
194,TID_12255073314389284572,UID_11816172708185057233,"🚨Tragic  news coming from #Amethi 

Reportedly a woman standing in queue for submitting her form for Rahul Gandhi’s  ""Khata Khat"" scheme has died  due to heatwave in front of the Congress office.

This isn’t a mere death by murder by Congress party by luring people into"
195,TID_4346223027376853168,UID_536696031718562696,धौरा टांडा में गौ मांस को लेकर हुआ विवाद पुलिस ने की बड़ी कार्रवाई वीडियो वायरल @cqKUU @kuyf8FxCQrcxQH5 @v7a92Lbm45JF_r @hnK7DpnJjHr5_ @qWWLmWe1kSxH @jE7Dg1SO1CbTlNC https://t.co/WYT3gyA:M:PLKvSQzssQ
196,TID_14326657912170083056,UID_13202344203768770526,@w00wt4dkDvH70Fu https://t.co/bVF88Qdt76cX78lcRuuR
197,TID_10489373641745850439,UID_16764169148121844393,स्वर्ण जयंती एक्सप्रेस में #सामूहिक_नमाज पढ़ने को लेकर विवाद में पूर्व सैनिक के साथ बेरहमी से मारपीट। पीड़ित विलास नायक ने नमाज पढ़ रहे लोगों से रास्ता मांगा तो उन्होंने मना कर दिया। जब पूर्व सैनिक अपनी सीट पर मंत्रोच्चार करने लगे तो उनके साथ मारपीट की गई। बैतूल में चल रहा इलाज। https://t.co/V6cI5YNh6sC1dCES1xwZ
198,TID_7779000490203501624,UID_12962784540579661611,"We will see in future what best we can do. Right now, we have to fulfil the five guarantees we made to the people of Karnataka: State minister Dr G Parameshwara on Amnesty India demanding hijab ban in Karnataka be rolled back https://t.co/tgxCY:dxe~cgSYv~QLIa"
199,TID_2916911233823795071,UID_8150509289112013032,"அமெரிக்கா சென்ற முதலமைச்சர் மு.க.ஸ்டாலினுக்கு உற்சாக வரவேற்பு 

#MKStalin #DMK #America #TNGovt https://t.co/1x7NTyc:KU-SjecpcusU"
200,TID_13231111330145017718,UID_313499397651932128,"In this photo, the First is @gpmiLJTnZT5, and the person in the middle is my friend @qdZR2NL4IX45, with me. Mr. Corbyn is a British Politician (here is a link to his Wikipedia - https://t.co/J6LfSf-PmWeSzz0jS2Qm and not a @mZC executive.
@sWFUSz2 @fjN0eC https://t.co/rWqcExlCBu3tRSS6-N-z"
201,TID_4427024933556496109,UID_9267418770234591379,"Kharge ne Rahul ki supari li? 

Rahul Gandhi ne desh ki ekta ke liye jaan di hai 😂 https://t.co/caG:lNCB2e6enujS3AfB"
202,TID_6866164552476444215,UID_3014922841561470947,The miscreants supported by the unholy alliance of BJP-JDS have fabricated a piece of disinformation mimicking a report from the Kannada newspaper.This fake news is loaded with content that stirs up communal tensions and has been widely disseminated across social media platforms. https://t.co/-U4n5a0wkBjZDEU3MQxJ
203,TID_16387847776296690752,UID_1103974465895794930,"BREAKING: 🇵🇸🇮🇱 Anti Israel Anti Semitic Pro terrorrism protestors burn Police officer in London. Violent muslims also say chants ‘Kill All Jews’ ‘We want Sharia Law in England’ ‘Kill All Infidels’. All muslims terrorrists need to be deported from UK. 🇮🇱❤️🇮🇳

RT to make viral https://t.co/ArY:CtVnUebBbCqXxzzL"
204,TID_2350100471601113710,UID_1004550921543306505,Jonge pist op varkensvlees in de Albert Heijn. #albertheijn #supermarkt #varkensvlees https://t.co/OKgGBk2WSXJ9bqnXaJk4
205,TID_6730277752172693649,UID_4281861291119659955,"प्रधानमंत्री जी आप कैसा भारत गढ़ रहे हैं जहाँ तन ढकने को कपड़े तक नहीं हैं बच्चों के पास।

#आत्मनिर्भर_भारत https://t.co/rbS9h_rrJjMCARqYwwHX"
206,TID_4474303526120209125,UID_6587450967928584437,"WATCH | 'Please Protect Him...': Mother of Minor Accused In Pune Porsche Accident Case Breaks Down While Debunking Fake Videos; Watch

  https://t.co/nMBFiyT1xD9Ra7M_L33a

 #PorscheAccident #Pune #PuneNews https://t.co/ysnYeOfYx7n-2xH8tLR2"
207,TID_10475971938656130692,UID_13434464116694848968,"ॐ और त्रिशूल टैटू वाली हिंदू युवती का शव #mumbai बीच के किनारे सूटकेस में मिला, युवती का केवल धड़ है सर गायब है।
कितनी बेरहमी से बर्बरता से एक और हिंदू बहिन की हत्या की गई है,यह चिंतनीय है।
#lovejihaad https://t.co/F62YuOgMUc95~4r11GPU"
208,TID_15706428892472244870,UID_11798282293691241141,किसानों के लिए केंद्रीय मंत्री के इन आँसुओं को देखकर सीना छलनी हो रहा है! #Farmersprotest
209,TID_4317154579895750959,UID_7983624354412304660,"केरल के इस विडियो को देखें और इसे जितना हो सके उतना फॉरवर्ड करें .... अगर आप यू आज चुप रहते हैं तो हमें नुकसान होगा ... क्योंकि *6 महीने के बाद  इसे आगे बढ़ाने का कोई फायदा नहीं होगा* ...  उँगलियाँ घुमाएँ और इसे आगे बढ़ाएँ अभी,,,शायद धर्मनिरपेक्ष हिन्दूओ को कुछ समझ आ सके। https://t.co/5tK7IAN2Pl0gULHB3cCw"
210,TID_13130558074877711803,UID_10723075641769699726,"*केरला सरकार ने मन्दिरों में मुस्लिम और क्रिश्चियन पुजारी नियुक्त कर दिए, अब हालात ये हैं कि हनुमान जी के प्रतिरूप को शराब पिलाई जा रही है मांस परोसा जा रहा है और अल्लाह हो अकबर का उद्घोष हो रहा है*😡
केरल सरकार को बर्खास्त कर देना चाहिए 
अन्यथा एक दिन हिंदू मुक्त राज्य बन जायेगा https://t.co/Uft~6tm:VAGeVJcd1s3n"
211,TID_16239086732000167390,UID_16747688678169982753,"*जॉर्ज  सोर्सस जिसने  मोदी  सरकार को  हराने के  लिये  पैसा  पानी  की  तरह  बहाया उसे  इस बात के  लिये  तैयार  किसने  किया, य़ह  रिश्ता  क्या  कहलाता है* https://t.co/vToCoEr-ny5tvQazAVj1"
212,TID_6147607659362859845,UID_3348155112133602751,But TOI-let Media house will never talk about how a corporate like Malabar Gold which earns money by selling to all faiths only gives scholarships to one community ! https://t.co/3friTkmS5Wvz6DGxsfHw
213,TID_3168861753802186206,UID_1818556515538143771,"VIDEO | Here's what Rhiti Tiwari, daughter of BJP leader Manoj Tiwari, said after joining the BJP.

""(I'm) shocked... I was not aware about God's plan; I didn't think it would happen today or anytime soon. I thought this was in the cards for me after 10-15 years, but the https://t.co/p062CklcOFKg:wRnzcyY"
214,TID_2569387581284986782,UID_14977704358396608342,फ़ूड जिहाद के बाद इस #जिहाद का क्या नाम? https://t.co/BW~b5xf3wrk9DobOx:Qo
215,TID_17003212426626839651,UID_12962784540579661611,"Bihar | A Pakistani flag was hoisted in the Madhubani Sipahi Tola area in Purnea

We reached the suspect's house after getting the information. The flag has been removed. The matter has been discussed with SDO Purnea. Action will be taken: Pawan Chowdhary, SHO Madhubani https://t.co/vgCA51u1TEY:9-AWojFR"
216,TID_12443828790877000284,UID_16284516066175139938,"A bandh alright, who does it impact the most, the common man, whose purpose does it serve - the politicians. U still want shutters down?"
217,TID_104160278739657509,UID_14324466269278276431,"अब पता लगा ये अभिजीत पाटीदार नहीं,महाराष्ट्र का हेमंत भडाणे है,दस दिन पहले जबलपुर में 25 साल की महिला की बेरहमी से हत्या के बाद ऑनलाइन अवतरित हो रहा था, दस दिन बाद राजस्थान से पकड़ा गया कोर्ट में वकीलों ने थप्पड़ जड़ दिये! https://t.co/eCeWLNk3AvPup0mrvg0W"
218,TID_15319911578169279168,UID_16102448889392765407,"At Borivali East, Mumbai https://t.co/uhESEjC7s574zj__YMwH"
219,TID_3989571939448666481,UID_214917478991985125,Mahendra Singh Dhoni at the @fiopiZD5CiC. https://t.co/qb1cSO-dJIWzvrExWdHN
220,TID_7674538779035541735,UID_8070096144703467440,"_*यह सहारनपुर उत्तर प्रदेश का गुंडा अब्दुल मसूद है । बीते रविवार को मार्केट में दोनों हाथों में 🔪लहराता हुआ दुकानदारों व पब्लिक के बीच खुलेआम दादागिरी कर रहा था, और फ़िर योगी जी की पुलिस आ गई.... फिर जो हुआ, उसका नजारा आपके सामने है ! ये है सही जगह व राष्ट्रवादी पार्टी को दिये https://t.co/Nps-JkaQyXmWiP:Zomjo"
221,TID_15255825679591742018,UID_8200530318309159343,"The Rahul Gandhi craze ❤️🔥
@gpmiLJTnZT5 #Nagaland https://t.co/b1pFMcirAXZlk0QdpjPk"
222,TID_8788550114985958859,UID_14840294620356924963,"रमजान से ठीक दो दिन 20 मार्च को खजुरी से लेकर करावल नगर तक विशेष समुदाय के लोगो ने हिन्दुओ के बच्चे जो 12 th का पेपर देकर लौट रहे थे चाकूओं से हमला किया तकरीबन 20 से ज्यादा बच्चे बुरी तरह घायल करके काफिर हिन्दुओं को रमजान का सौगात दिया है।
हिंदूवादी सरकार की @cu1KPOMJEWo https://t.co/Kqnz5j8~mVqGzcOC7ag7"
223,TID_17643491285805598071,UID_14486095017058313897,"शिरडी साईं ट्रस्ट ने हज के लिए 35 करोड़ डोनेशन दी है।
जो हिंदू शिरडी जाते हैं उन्हें विशेष रूप से ये देखना चाहिए।👍 https://t.co/3uO_gQ_4WuPsmXQucVXB"
224,TID_18273420320412737497,UID_10876052625705517804,"मगध मेडिकल थाना अन्तर्गत ग्राम खुरार चकरनी घाट में छेड़खानी से संबंधित सोशल मीडिया पर वायरल वीडियो के संबंध में :-
@l_jhWqiYmf63 
@yfdo9Fs68y 
@punp4hWQGaD 
#GayaPolice
#gaya_police_at_your_service https://t.co/nLXP49unGUqjlIUGEwcY"
225,TID_2165959661604895355,UID_11600309056731412697,केरल में RSS  समर्थक महिला को मुस्लिमो ने गोली मारी और हिम्मत दिखाए गोली मारकर भागे नहीं भाषण दे रहे हैं ये विडियो मोदी जी के पास जरूर जाना चाहिए https://t.co/~_4p~~NYPny73jy5OYx6
226,TID_16794438439334747049,UID_5180244459550039277,"Shocking beyond words if true ..
Europe downfall is inevitable as predicted by me

Yesterday somewhere in Paris on a Metro Underpass.. 

This bunch of Piecefool Migrants were doing what they do best .. 
Taharrush ( roughly translates to mass molestation of women ).

Unfortunately https://t.co/rCXTJy2pye~nwgg3qAlo"
227,TID_12232304312533411002,UID_15424367004831861556,"News of BJP's big win under Prime Minister Modi splashed in Canary Warf, prominent business district of London. Zoom it.. #IAmNewIndia https://t.co/1M_NdVUfgyNtJkrS8QV8"
228,TID_9401006895815290861,UID_288852895958812698,Video with C-704 https://t.co/k_WGDL5sex_-vGDmaAOD
229,TID_12115166879569377791,UID_2494723613028215395,"जिस पुलिस वाले के सर पर लगी उस को
गौर से देखना अखबार में फ़ोटो भी आया है..
और इस के आधार पर मुस्लिम लड़को को
जेल में बंद भी किया गया...

आगे वीडियो है उसको जरूर देखें.... https://t.co/CNgOae-8V6bWpHW24BsV"
230,TID_1720949262194517303,UID_6433997485211975298,"The jehadi from Tamil Nadu who gave the death threat to the Karnataka High Court judge who gave the hijab verdict. He is currently in the custody of Karnataka Police (not Tamil Nadu Police). And judging by his walk, he is getting the appropriate treatment. https://t.co/s9b7x-ZwRuJZwA47YRAq"
231,TID_13140057077384408398,UID_13646516938294326359,पं० बंगाल का एक और ज़िहादियों के लिये ज़िहादी फैसला | लगता है  कि 30% के लालच मींर ज़ाफर की कनींज़  पं ०बंगाल की वज़ीरे आला  पं०बंगाल को भारत से अलग कर पाकिस्तान से जोड़नें की नापाक साजिश में अपनेें क़दम बड़ा रही है | भारत सरकार को गम्भीरता से इस साजिश को देखना बेहद आवश्यक है | https://t.co/tUdBIzb9vtXrnYQK6ywx
232,TID_8436606066768264110,UID_808326958293225887,"@bKRJSSFh8 उपरोक्त वीडियो वर्ष 2018 का है कृपया इसको वर्तमान का वीडियो बताकर असत्य और भ्रामक दुष्प्रचार ना करें, अन्यथा आप के विरुद्ध वैधानिक कार्यवाही की जाएगी । https://t.co/i5J038v:p5GG1ZVjFNos"
233,TID_1585694891116118216,UID_12901906962516064181,"थाना नन्दग्राम पुलिस द्वारा दिनांक 17-09-22 को महिला की हत्या की घटना का किया सफल अनावरण, घटना कारित करने वाला हत्यारा अभियुक्त  गिरफ्तार,कब्जे से घटना मे प्रयुक्त आला कत्ल धारादार कुल्हाडी बरामद। https://t.co/3MF1JknoSr_mcBjrFXZn"
234,TID_12448379973200254250,UID_6821132641341427734,"मथुरा के #गोवर्धन परिक्रिमा मार्ग में अवैध रूप से अतिक्रमण कर बनी मजारो पर J C B चला कर साफ किया जा रहा है, यह काम करने की क्षमता केवल योगी बाबा में ही है💪 https://t.co/PNxRygoVau:lqO7Ev1jw"
235,TID_2929869440154829828,UID_11941553833656175078,Dear TDP and YSRCP supporters. No exit poll results have come. No clue where this graphic is from
236,TID_8541954104403042471,UID_14175262938273781605,Gauahar Khan. #RafahOnFıre https://t.co/A4HnsfqNV9JZxks2SdhI
237,TID_6677337716746326239,UID_11288026381808967000,रामनवमी पे पत्थर फेंकने वाली शेरनियों की विदाई🤣🤣🤣 https://t.co/KESRdgZjeiNu6UHez36H
238,TID_7564679549134177646,UID_16371204876076456164,"क्या तेलंगाना भारत का पहला इस्लामिक राज्य बन गया है??

तेलंगाना में कलेक्टर ऑफिस की नई इमारत का उद्घाटन नमाज और कलमा पढ़ कर किया गया https://t.co/GTn6RNYD8Akf-DF9ucP1"
239,TID_3259234672061875978,UID_2800510193568787267,"Kejriwal Ji said Sisodia was the best Education Minister in india &amp; Delhi's School models are World class! 
I'm told, the new Education Minister of Delhi Atishi has publicly exposed both Kejriwal and Sisodia !! https://t.co/of9-VDhqXuLPbikIksKD"
240,TID_7142935073938763548,UID_16313165918153875589,Pentagon mall sidcul haridwar👑👑 #ShahRukhKhan #Pathan #PathaanFirstDayFirstShow #Pathaan_Dekhega_Hindustan https://t.co/1i8BXdvY5iCleigtN9SA
241,TID_562749263855744032,UID_12990336403188175064,All these red arrows are church surrounding Golden Temple ...many funded by Canada based evangelical groups .... and #khalistani  have problems with India?  first they should protect  Har-Mandir Sahib https://t.co/wQIWycT8jm5nNCrQZGq9
242,TID_9372377027891523005,UID_16371204876076456164,"बांग्लादेश के एक वायरल वीडियो में हलाला विवाह के संबंध में शरिया कानून के आधार पर न्याय करते हुए दिखाया गया है।

एक युवक ने गुस्से में आकर अपनी पत्नी को तीन तलाक दे दिया। शरिया कानून का पालन करते हुए, वह गांव के एक बुजुर्ग मौलवी के साथ एक रात के लिए अपनी पत्नी की अस्थायी शादी https://t.co/AzrpKgu87W26MSAd9xS2"
243,TID_8790246943331386017,UID_17626585942016285521,"मुझसे एक पत्रकार ने पूछा कि ""राहुल जी, आप जाति जनगणना और हक की बात कर रहे हैं, तो क्या इससे देश नहीं बंट रहा है?""

मैंने जवाब में उनसे पूछा कि ""मीडिया में, कितने अखबारों के मालिक पिछड़े, दलित,आदिवासी वर्ग से हैं?- वह चुप हो गया।

मैंने कहा कि देश में करीब 50% OBC, 15% दलित, 8% https://t.co/r4Dy0:QaNt5Qx5yvgzDq"
244,TID_5333131304234246242,UID_2530972759749242516,"सारण पुलिस द्वारा वायरल वीडियो की सूचना प्राप्त होने के 8 घंटे के अंदर घटनास्थल का सत्यापन कर सभी 6 अभियुक्तों की पहचान कर ली गई है।वायरल वीडियो में शामिल 4 अभियुक्तों को गिरफ्तार कर लिया गया है,शेष अभियुक्तों की गिरफ्तारी शीघ्र ही संभावित है।
@gISC3z6xxR1 https://t.co/IQ5qzmGNbKPR5eMrkAWQ"
245,TID_12454444472272266317,UID_10349443011700343728,"आइए मिलिए एक बार पूर्व पाकिस्तान प्रधान मंत्री बेनज़ीर भुट्टो  — जिन्हें आत्मघाती बम और गोलीबारी से मार कर हत्या कर दी थी — के इस लायक़ बेटे से ।

गौर तलब है की इस मुल्क के कुछ मियाँ बंदूको से बात करते है तो कुछ इन लचकीले नाच की कलाओं से — दोनो ही ख़तरनाक

https://t.co/H8_BacIlwzfeXtvAME~-"
246,TID_6944071441836904824,UID_5300339344525496466,"केरला में हिंदुओं के घरों पर पत्थर फेंक रहे मुस्लिम
साथ में धमकियों का दौर जारी है और कहा जा रहा है कि यहां से घर खाली कर दो
जैसा कि कश्मीर में हुआ वह केरला में दोहराने की प्लानिंग चल रही है https://t.co/k6ftI8inVPJ3GMpzzy0D"
247,TID_6340163715936088243,UID_4271993912771952685,"ಉಚಿತ ಬಸ್ ಪ್ರಯಾಣಕ್ಕೆ ಅತಿ ಹೆಚ್ಚು ಸಂಖ್ಯೆಯಲ್ಲಿ ಮಹಿಳೆಯರು ಬಂದಿದ್ದಕ್ಕೆ ನೂಕು ನುಗ್ಗಲು ಉಂಟಾದ ಪರಿಣಾಮ ಕೆಎಸ್ಆರ್​ಟಿಸಿ ಬಸ್​ನ ಬಾಗಿಲು ಮುರಿದು ಹೋಗಿದೆ. ಈ ಘಟನೆಯು ಮಂಡ್ಯ ಜಿಲ್ಲೆಯ ಮಳವಳ್ಳಿ ಪಟ್ಟಣದ ಬಸ್ ನಿಲ್ದಾಣದಲ್ಲಿ ನಡೆದಿದೆ. 

#newsfirstkannada #newsfirstkannada #KSRTC #bus #mandya #ViralVideos https://t.co/Rp3~JEw5tZBEliETido_"
248,TID_16417032221279485508,UID_7754891257872077132,हाथमे तलवार लेकर दिल्ली पुलिस की रक्षा करते धर्मरक्षक.. https://t.co/7y82~ZTWptX3kYOQhza_
249,TID_3917528083084575749,UID_9133747142632883526,#Palestine 🇵🇸: latest photos coming out of the emergency ward of a #Gaza hospital. https://t.co/HfcrsOCjWz0:lmndC_FF
250,TID_15841258622775444540,UID_14978137642234802846,"Never Foget Never Forgive

Heartfelt tributes to our brave heroes who lost their lives in #PulwamaAttack .
The Nation🇮🇳 will always be Indebted by your Supreme Sacrifice. Salute to the families.
#PulwamaAttack2019
#PulwamaAttack
#BlackDayForIndia https://t.co/kyVYXgt:j2slytDfK7iK"
251,TID_10016466657908148566,UID_6964523502058136476,आतंकी और उनके समर्थक बाड़ फांदकर इजरायली क्षेत्र में घुसने की कोशिश कर रहे हैं. #Israel - #Lebanon सीमा का दृश्य https://t.co/IbL2UtV7~cl244ElPV8N
252,TID_11726591166130338021,UID_1342613681394036399,"लव-मैरिज के कागज के दम पर लड़की ने अपने मां-बाप से जिहादी के जुड़वाये हाथ -पैर,,
गुजरात की घटना
कुछ लड़की अपने मां-बाप की ही नहीं किसी की सगी नहीं होती https://t.co/SE63mv9b0sdNboX67RhL"
253,TID_12475523093802586592,UID_436647435914534271,"बस यही फ़र्क है एक दिन के हिन्दू बनने में, और सनातनी हिंदू के जो कर्म - धर्म से परंपरा का पालन हमेशा करते हैं....

#योगी_आदित्यनाथ ने होलिका दहन के बाद राख को माथे पर लगाया.. #परंपरा https://t.co/nvAw_1l1EUao836SsVbG"
254,TID_2424375326157225291,UID_10379761751422942101,दिनांक 15.05.2018 को हुए कैण्ट रेलवे स्टेशन के सामने निर्माणाधीन फ्लाईओवर हादसे में चल रही विवेचना मे 08 अभियुक्तों को @p98MFdDMfGd5qC द्वारा गिरफ्तार कर जेल भेजा गया है। @eRf1e2lv9ctOCpW @pxpV0qVipA9OfnE @cqKUU @gDiS1gyh @gEwke4vQsp @nC2qL5lBDqxWrb @rE7CYtOD1DZWa @vpZO0r8z5h https://t.co/UlZPyST8FeWYobOMJvzl
255,TID_5104154093967951980,UID_16822457820743605426,@tjpUSA2D7a Aerial view of the protest @tjpUSA2D7a https://t.co/aHTMoHHN7:7MHoOkG9KN
256,TID_3371006026464348630,UID_11629292093349559841,طرح امرأة أرضا لاعتراضها موكب الرئيس الأميركي جو #بايدن في #الولايات_المتحدة https://t.co/Q61M4--LxoJNv0P9C4ns
257,TID_13376750939081351190,UID_16687137935206951392,"Tired of people asking, If this account is authentic or not. This is not the first time and won't be the last, so making it clear for once and all. 

If Sonia Ji or MMS Ji decides to come on Twitter, They will have a VERIFED twitter account.

So please don't follow fake accounts."
258,TID_6959940596136082907,UID_14882081712380902952,"What happens when 2 EVs collide. 

Once lithium battery ignites, it cannot be easily extinguished and fumes are toxic https://t.co/EyXdSf~GFqgEdFn-F1od"
259,TID_12568277262453649751,UID_15326133086436649706,"New Parliament House
Two new records
It was built in merely  17 months 
TATA bulit it and only 1 rupee as a cost to the govt. 
This is TATA ‘s gift to nation.

Proud being a part of TATA GROUP 🤘

Jai Hind Vande Matram https://t.co/~gVEGfxD5qL8WDXYZ3DG"
260,TID_8252519357161041727,UID_11072990522394015219,ये जनसैलाब तानाशाह के अंत की इशारा है...?🔥 https://t.co/MIzbGONv0m4KLM0NWANm
261,TID_1728442553415608935,UID_6162400997795746884,Meanwhile in West Bengal https://t.co/dR1EqGmg25wpIMKuHbM2
262,TID_13013980754756890694,UID_10950159359599045042,"दामाद ने दहेज में मांगी मोटरसाइकिल तो ससुर ने सबके सामने चप्पल से मारा। वीडियो सोशल मीडिया पर वायरल। 

#viralvideo https://t.co/vdSi9_YSuKD8yx66~XrX"
263,TID_10510272258198093636,UID_1173610075877210343,"क्या कलियुग आ गया मेरे ईश्वर अपनी ही बेटी के साथ लव मैरिज 

अपनी सगी बेटी से प्यार किया और शादी कर ली, 4 साल से दोनों के बीच प्रेम संबंध था शैतान को भी शर्म आए

 ऐसा काम किया है, यह कौन सा युग चल रहा है कलयुग तो मैं नहीं मानवता उस से भी बड़ा भयंकर युग चल रहा है https://t.co/6uLeeeQaZVZSY4uA3LoR"
264,TID_4556215380196029370,UID_199564838828523125,@eDoF9UpXT1jZlE @p0j22vjNeaH2dNT कौन से चैनल पर कहा है कृपया वह वीडियो दिखाएं
265,TID_6625163584308520540,UID_7286470334930969094,ये कब हुआ? https://t.co/V:UcI7M5wMC0d9M1EPSD
266,TID_15243458136253762792,UID_764572817289127592,Shawry for colonisation https://t.co/Q2v-96X4lasLBvBLvuGN
267,TID_10973376270894648254,UID_7590871404224653949,"ಹಿಂದೂಗಳೇ ಎಚ್ಚೆತ್ತುಕೊಳ್ಳಿ.!

ಇದು ಕರ್ನಾಟಕದ ವಿಡಿಯೋ !!

ವಿಡಿಯೋದಲ್ಲಿರುವ ಬುರ್ಖಾ ತೊಟ್ಟಿರುವ ಹುಡುಗಿ ಹಿಂದೂ ಹುಡುಗಿಯನ್ನು ಬ್ರೈನ್‌ವಾಶ್ ಮಾಡಿ ಆ ಹಿಂದೂ ಹುಡುಗಿಗೆ ಬುರ್ಖಾ ಧರಿಸುವಂತೆ ಮಾಡಿ ಕಾರಿಡಾರ್‌ನಲ್ಲಿ ನಿಂತ ಶಾಂತಿಪ್ರಿಯ ಹುಡುಗನೊಂದಿಗೆ ಹೋಗುವಂತೆ ಹೇಳುತ್ತಿದ್ದಾಳೆ.
ಇದು ಲವ್ ಜಿಹಾದ್ ಪ್ರಕರಣ
https://t.co/fXE49PsGoC1TcIbN_NI~"
268,TID_9428296379742737060,UID_9244231122533207175,"विनम्र निवेदन 🙏
कोहरे को देखते हुए जब तक अत्यधिक आवश्यक ना हो, सुबह-सुबह हाइवे का सफर ना करें।

समय हो तो 1 मिनट 33 सेकंड का यह वीडियो पूरा देख लें प्लीज। 👇 https://t.co/7RWHfzE_Rq6lO:gtPWlt"
269,TID_1276573670263295656,UID_17082024629145046790,"क्या यह सच है ??
#BoycottBollywood https://t.co/rmPl_fo9SiZ9ZBOZ28FC"
270,TID_7092561091420555497,UID_214917478991985125,"@ksOlfzDJU8JG I met MS Dhoni a couple of months ago at the Gurdwara @fiopiZD5CiC in London and noticed he was calm, at one with himself and able to absorb the spiritual moment. It's that inner calmness that gives fortitude in situations which may stress many others out. https://t.co/_RTb7sCG993UZxS~mc_S"
271,TID_10373838560990338832,UID_8560080301458479131,"राहुल गाँधी के समर्थन मे ये जन सैलाब मोदी जी की नींद हराम कर देगा 

#LokSabaElection2024

 https://t.co/n:d0y-811FcVI2yzGIzc"
272,TID_5030964582049748266,UID_14711769387551854495,Daughter justifying being 4th wife of her father https://t.co/l52DWtoTmyCoH-sCSB7:
273,TID_17324561694959775886,UID_6254847302505507748,"Since yesterday, people are speaking against this video BUT I think that this is a fake video which has been edited.

The 2 girls performed somewhere else and someone put that video on the video of some random metro because there is not a single drop of colour/gulal on the floor https://t.co/5Rh1UcQKUtafNJTQ6VaW"
274,TID_14779528290994688207,UID_6166060503655546234,"इंडिया टुडे ने एक बहुत बड़ा खुलासा किया है कि राहुल गांधी अपनी बस यात्रा में “body double” का प्रयोग कर रहे थे। इसका मतलब बस में जो व्यक्ति बैठे थे और खिड़की से लोगों को देख रहे थे, वो शायद राहुल गांधी थे ही नहीं।

#PressConferenceHighlights https://t.co/EK~0BBa:Uae1AzVMjU8x"
275,TID_5840922998862896865,UID_1968295364124228049,"Italian PM Giorgia Meloni Message to Hindus for Ram Mandir #RamMandirPranPratishta.

#Translation : Best wishes to the Hindus in India and around the world on the Pran Pratistha ceremony. By restoring your prestige after hundreds of years of struggle, you have set an example for https://t.co/v7BIpiwjv9c52Q:uixHX"
276,TID_17880166678978874124,UID_16955606416175324690,"देखिए पाकिस्तान में 100 साल पुराना भगवान शिव के मंदिर को आतंकी रूपी पाकिस्तानियों ने तोड़ दिया।

और यहां सुप्रीम कोर्ट के निर्णय के बाद बनने वाला राम जन्मभूमि मंदिर ना सिर्फ कट्टरपंथी जिहादियों को बल्कि कुछ तथाकथित सेकुलर हिंदुओ को खटक रहा है । https://t.co/Wp5P-Vm5aeu1jQ5iuD7U"
277,TID_11890826792200419676,UID_15424367004831861556,Unprecedented frenzy for Prime Minister Modi in Kolkata! #DeshKeLiyeModi https://t.co/t3Re8-m~qDngRXWKua~a
278,TID_7090313673696448394,UID_10194589961541753944,"रुझान आने लगे है #फ्लॉप_हुई_पठान

https://t.co/VzGQHNFhID~R~YOOhfTq"
279,TID_7708306705853407765,UID_3790298400188741306,"'अडानी के मित्रों को सोना ही सोना दिखता है' नेताओं को पहनाई गई सोने की माला, वायरल हुए दावे का सच सीएम @dEMHCxHI1BOHZ ने बताया सुनिए https://t.co/K~YGegZygSbKMce12:Pb"
280,TID_11468618358146421730,UID_2787308362356165875,"पाकिस्तान में तोड़ा गया हिंगलाज माता का मंदिर, UNESCO की लिस्ट में शामिल, नाराज हिंदू समुदाय ने लगाए नारे 

ज्यादा जानकारी के लिए क्लिक करें: https://t.co/AAoQ1dCfjGZQjk8Y-ugz 

#PakistanNews  #UNESCO https://t.co/rcDsrqZr4040kqHo3rxs"
281,TID_12561200189990527036,UID_8854602370193365672,"“Desh ka X-Ray kar dengey. Minorities ko pata chal jayega unki bhagidari kitni hai.”
~ Rahul Gandhi is not hiding his Hinduphobia and Marxist-Islamist ideas anymore.
Just listen to this openly communal speech.
#WealthRedistributionPlan https://t.co/TD-As5-onW5r47cmsNZz"
282,TID_16092200270812582858,UID_18384766082907315769,"The Shifa Hospital is not only the largest hospital in Gaza but it also acts as the main headquarters for Hamas’ terrorist activity. 

Terrorism does not belong in a hospital and the IDF will operate to uncover any terrorist infrastructure. https://t.co/p8amiMzl6ief9T-RAiSo"
283,TID_16243211076347122716,UID_8378979209860038543,"शिमला में 35 लोगों की आधार डीटेल एक, सभी 35 लोग हिमाचल के बाहर के 

#Shimla #AadharCard #HimachalPradesh #FakeAadhar | @QlEPXrv5DTe @ivgvfj9BVBhRYL https://t.co/I-ikGp7BXVmEL~oEV4jp"
284,TID_11428079190675911756,UID_16253487389105587502,"#bareillypolice
थाना भोजीपुरा क्षेत्रान्तर्गत दो पक्षों में मांस खरीदने को लेकर हुई मारपीट/घटना के सम्बन्ध पुलिस अधीक्षक ग्रामीण, जनपद बरेली की बाईट । #UPPolice @gDiS1gyh @cqKUU  @eBsOesX0XzntSZS @kuyf8FxCQrcxQH5 https://t.co/NDI4-k6e5QQRvce3XDUT"
285,TID_6482745174394624501,UID_326243297828283164,Hindu Hriday Samrat : Dwayne Johnson 🚩 https://t.co/oZdtOOMNfUUf_f6nz-hY
286,TID_1892698501686775744,UID_16372134642814089120,"அமெரிக்கவில் தமிழ்நாடு முதலமைச்சர் மு.க.ஸ்டாலினை வரவேற்று Times Square-ல் கொடுக்கப்பட்ட வரவேற்பு

#CMStalinInUS #MKStalin #SparkMedia https://t.co/pQnJhaOFmtIJJT5W0FMB"
287,TID_10300033564151326268,UID_6123285512026161523,"सत्याग्रह का अर्थ , उच्चारण और भाव तो सीख लीजिये @gpmiLJTnZT5 जी ! हमे न सिखाएं ! @tdD4uG5hJ  ने देश की जनता के साथ कई वर्षों तक कांग्रेस की नीतियों के खिलाफ सत्याग्रह किया है!
गलती से आपके मन की बात जुबां पर आ ही गई..कांग्रेस का एक ही मंत्र है ""सत्ता के रास्ते को कभी मत छोड़ो"" https://t.co/Ifgovmq-J0M1n_hg6LQK"
288,TID_12015120846593779071,UID_5920239913030578079,"बहुत अच्छे!!
जो मोची बना था,वही कुम्हार के रोल में प्रकट हो गया।😀

कहां से सीखी ये बहरूपिया बाज़ी? https://t.co/OZq1ZdqEiG8YTytE3l7d"
289,TID_3768788039406915970,UID_13323167980072120914,"شاهد سيدة امريكية تعترض موكب ألرئيس الاميركي جو بايدن والشرطة تطرحها ارضاً.
تحية وتقدير لكل هؤلاء الإبطال الذين يكافحون بقوة من أجل فلسطين 🇵🇸 ومن أجل #غزة #IsraelIsATerrorist #FreePalestine 

 https://t.co/_BLQ72E2qJkh2F3~eIal"
290,TID_11894617551040470919,UID_9784059206100870555,Youngistan me confuzed as usual: This Aftab Poonawala is a Shia or Bhora or Parsi or ?? Many media differ+ there are many other poonawalas floating around--all one set:))))) RT
291,TID_3411606664063737830,UID_13208650285655715013,"Can you imagine just how helpless and humiliating it must feel to be a Palestinian father watching enemy Israeli soldiers abduct your children and take them off to god knows where to be beaten, tortured, sexually assaulted and detained for months or years? https://t.co/LL-jb0MTeE0npY8SDJF5"
292,TID_6959104183706635087,UID_7083376777227075779,"Meanwhile in Australia ….👇

🇦🇺Australia

Parents are upset that the schools are brainwashing and Izlamizing their children

“Would muzlim parents want their children to visit a Church and pray to Christ?”, asked one parent.

 Not just in US,  this is happening all over the https://t.co/gAhw994wKWi0onZjq4V1"
293,TID_11291505703389364542,UID_3419755919217763176,Now see Nasa's actual pictures of chandrayan 3 landing taken by their (DSN) deep space network. https://t.co/At0Z5vBCnR-xVY3J0BiY
294,TID_8715089307404901118,UID_8375519722940297150,@xLONC6gt 4 साल पुराना वीडियो है
295,TID_6505173439514696409,UID_18174648833616127128,"*प्रयागराज में हाई कोर्ट के वकीलों द्वारा उत्तर प्रदेश के मुख्यमंत्री योगी आदित्यनाथ की निकली गई शव यात्रा !

टक्कर अब हुई है जोरो की सरकार को जो करना है कर ले इस तरह की शव यात्रा किसी भी मुख्यमंत्री की नहीं निकल गई* https://t.co/-gwCV~VgKG6MiUUJo4KL"
296,TID_1961450923356325633,UID_8494124113370625950,Interesting🤔 https://t.co/h:fVkRtQAOnv-rqp0CeP
297,TID_11002433133252374183,UID_14700686142238277970,"#भालपट्टी थाना के मुरिया गाँव की खबर एक अफवाह,
धर्म परिवर्तन का नही, बल्कि जमीनी विवाद का है मामला। 
#BiharPolice #HainTaiyaarHum 
#Bihar https://t.co/UCnhcqw9fA92Ff0iIQUi"
298,TID_15464399208656984903,UID_9740920405927588490,"इलाहाबाद के संगम में गंगा से बादल पानी ले जाते हुए यह पहली बार हुआ है।
प्रकृति का अद्भुत दृश्य देखें....
हर हर महादेव https://t.co/UAbzoL:c-EDRkjz83M2Q"
299,TID_16568488270582066849,UID_14082160998700892758,@iLwTh3LJRpCXDsc It's a Satire made by me only😅 https://t.co/567OTRZ3WXGK7T8-I:So
300,TID_17980634798479559457,UID_13519741361443970435,Is this your Queen?  https://t.co/dVvqLF6hlQuHsx8G78ZX
301,TID_2583863303653509022,UID_5285623441089379075,"ये हैं बिहार भाजपा की जमुई विधायिका Sreshi Singh.
जिनका वीडियो तेजी से वायर हो रहा है😂 https://t.co/M6P4TKpYjWUEAN4nSu0S"
302,TID_17152779608451299591,UID_1591576431229035347,"@gFDXbo8jH The 6 illegal stalls made up of Iron tin sheets were found kept at  K. D. Marg &amp; 2nd Gaothan Lane Junction, Near Santacruz Station, Santacruz (West) on 20.03.2023 night on acquired setback area of BMC. The action of demolition on those illegally kept 6 stalls was taken through"
303,TID_8645629606618377475,UID_5303344276001214211,@jCqvZx_ovn The action of demolition on those illegally kept 6 stalls was taken through H/West Ward authority with police protection on dtd.21.03.2023. No restraining legal orders from Hon'ble Court on those 6 illegal stalls.
304,TID_7247775470013017328,UID_1436530283170074371,"देखिए उनके कितने खौफनाक इरादे हैं

 और यह न सिर्फ हिंदुओं से बल्कि भारत से कितनी नफरत करते हैं 

देश की राजधानी दिल्ली के अवंतिका के सी ब्लॉक में एक मुस्लिम ने अपने बिल्डिंग के चारों तरफ और अपने फ्लैट में जगह-जगह पाकिस्तान जिंदाबाद लांग लिव पाकिस्तान के नारे  जगह-जगह लिखा और https://t.co/n2hebSICrf-vBYnoNPJX"
305,TID_2376772108800121478,UID_8542666034160430133,В Подмосковье разбился военно-транспортный самолёт Ил-112. На борту находились трое человек. https://t.co/qI46_RMzmnrWNH6o8LUx
306,TID_5522478586351743079,UID_418536573127437944,हिन्दू मंदिर के पुजारी की पिटाई करने वाले एक कट्टर मुस्लिम का वीडियो इसे सभी समूहों में साझा करें कृपया अपराधी की पहचान करने और उसे गिरफ्तार करने के लिए इस वीडियो को साझा करें प्रिय हिंदुओं 🙏🏻🙏🏻🙏🏻 https://t.co/HHfaFQ:srG4TdwZFwTOD
307,TID_9467874815331644792,UID_6115048980337987326,"The Innocent Kuki brothers, driven by a deep-rooted animosity, devised a plan to inflict harm upon the Meitei community. In their misguided attempt, they resorted to using a Petrol Bomb as a means to set fire to the Meitei Houses, causing widespread destruction and chaos. https://t.co/3zSV8z893bQVeasC8TOz"
308,TID_13350524555612120782,UID_3926286690852103707,"Muslim boys throwing stones on Hindu bungalows in Kerala threatening them to vacate, same like Kashmir situation is going to come in future
#Kerala #keralastory https://t.co/IeK8X1eAZAhF3OYHFlLg"
309,TID_7638577077904090293,UID_15923888003808216849,"Those who attacked Ram Yatra on 22nd in Mira Nair area of Mumbai were picked up from their home today.
Much respect! Now there is a reward for breaking the backyard!
  #planecrash #ICCAwards  #MiraRoad #TejRan 
#AusOpen #INDvENG  
 #Saipallavi #हेमंता_की_ले_ली  #MiraRoadRiots https://t.co/~Ad_GiKZP~YHI0KnoKgj"
310,TID_1062817581376450379,UID_15605953441422104038,"Thank you for informing.
#IndianOil https://t.co/DEXvcEtlhjmKAfh7-8JP"
311,TID_9369209890561176814,UID_10127328373124610579,"बांग्लादेश में हिन्दू बच्चे की बेरहमी से हत्या !!

मोहम्मद सोहेल और उसके दोस्तों ने मिलकर स्कूल के एक हिंदू लड़के निरोब मंडल को जान से मार दिया। https://t.co/UEeVhiohLBNCxyadM:TG"
312,TID_16885700293134777768,UID_1980087112275886023,"She is Modelling daughter of Om Birla ,Anjali https://t.co/kvwhcmcvpUfg4TAUS:m5 Surprise She has Cleared UPSC Exam in first attempt and became IAS Officer.
RSS, BJP ka kamal!
@lAk_Ve @oRLfV2xHG8Og @t8b03G3_I5txd @sWFUSz2 https://t.co/pSo7kP_T8E:upRFeodT7"
313,TID_8353308715864519965,UID_6395116879742644546,"Update:
#Hyderabad police enter homes and arrest protestors in and around Shalibanda after protests continued against #RajaSingh for his derogatory remarks on Prophet Muhammad.

Lathi charge/stone pelting reported. At least few are out protesting.
Details:
https://t.co/ODFUvgLwugc~NSQ79zVz https://t.co/Q_PYVG_weo8ui_SGkLPZ"
314,TID_5074465888638107424,UID_11262618682231388319,Delighted to meet Air Marshal PV Iyer (Retd) today. His zest for life is remarkable and so is his passion towards staying fit and healthy. Glad to get a copy of his book. https://t.co/w2kgQ-UcUa_NVkY_t2-8
315,TID_1102898169025157181,UID_10110755889422441143,महिला सशक्तिकरण की बात करने वाली भाजपा के  शासित राज्य मणिपुर के बाद अब हरियाणा में भाजपा की कथनी व करनी को हरियाणा राज्य स्थित  नूँह मेवात में लागू कर्फ़्यू में भाजपा की पुलिस द्वारा महिलाओं पर लाठी डंडे का बल प्रयोग कर भाजपा की सच्चाई देश की जानता को सामने प्रत्यक्ष रूप से https://t.co/BO8dPj8R3aqPouXzkcLp
316,TID_3533451070169526224,UID_2290393584206989976,"ये सीरिया नहीं है! ये पकिस्तान भी नहीं है!
ये भारत का बिहार है! तुष्टिकरण अपरंपार है!

बिहार में 4 जेHA दियों ने मिलकर हिंदू लड़की को सरेराह छेड़ा उसे घसीटा और अश्लील हरकतें करते रहे।

कोई पुलिस केस नहीं, कोई कार्यवाही नहीं!

पूरे बिहार में ये आम बात है, रोज कई हिंदू परिवार पलायन https://t.co/hOJA2l9zzTZ6pZOv2efW"
317,TID_5320661772066576078,UID_784460930964767297,"माननीय @k3JT3MbGOS0 जी, ये विडियो 2019 लोक सभा के प्रचार में @mj0HJwzcQR7MY जी के क्षेत्र में दिल्ली प्रदेश मीडिया पैनलिस्ट निघत अब्बास मतलब मेरे द्वारा बनाया गया था। इस विडियो में तमाम मुसलमान भाजपा से मुहब्बत करने वाले हैं। @tM77DmnX @bSX1OfB @dM9bQLw7a0S @hex2GfjHnttGGq"
318,TID_13774531618948678721,UID_2470800634134176603,"ये हैं संतरों के चाचा अपनी औलाद के बराबर  लड़की से इश्क लड़ा बैठें हैं जी 🤓😂😜
*कौनी सी गाली देनी चाहिए  इन दोनों को  😡😡 https://t.co/yhxFaRJhj6d9wpTTs760"
319,TID_1113982360010919025,UID_10817943852687583539,"Videos of students filming what happens in the public schools of France are starting to leak, here in the video (published today): a “Moreno” student points a gun at the teacher during class, scaring her.
Macron's education system is going downhill without brakes. https://t.co/lT4pbdjgnz4tA8YcvT9G"
320,TID_14557502607151655856,UID_15954148479911643939,"मेरे बारे में दुष्प्रचार का नया फोटोशॉप .
 मेरे नाम से कुछ भी लिखकर वायरल किया जा रहा है .
इसी से पता चलता है कि भक्तों की जमात मुझ पर कितनी बौखलाई हुई है . 
मेरा ट्वीटर हैंडल वेरिफाइड नहीं है लेकिन ब्लू टिक वाला फोटोशॉप करके खेल चालू है . 
ये फर्जी लोग हैं . https://t.co/AO16mWuxMQEhWMbGIKee"
321,TID_15626196002048494113,UID_2090377925533673614,"WATCH | अतीक के बेटे के गोली चलाने वाले वीडियो पर बोले हाजी मेहरदीन रंगरेज

'शादी पार्टी में गोली चलाना अपराध नहीं हैं, हम भी बेटे से चलवाते हैं'

जनता जिंदाबाद @c_9qwH9mwiB के साथ | https://t.co/JxtktX9AjieT-1nnYa6n  

 #Prayagraj #AtiqAhmed #UmeshPalMurderCase #JantaZindabadOnABP https://t.co/Fk_eVYcQJYSTtT0UWBgp"
322,TID_4419612543463066308,UID_8896459727887588650,"#Save_Gaza_Children
#Save_Gaza_Civilians 
#IsraeliNewNazism 
#Israel_is_a_terrorist_organization https://t.co/HtVRjiNmTEYckxeUgAbE"
323,TID_4236804766495484457,UID_13120614001220336450,"Agreement between  ""Imran Ahmad Khan Niazi"" and ""Government of Pakistan""
This is pathetic #Pakistan  #ImranKhan https://t.co/pFdoNpm8OacL0FEzVVmb"
324,TID_6198741526098104468,UID_17889638598601870010,"You all are awesome!!❤️
Jaate jaate...Guess what's going on?😂
(Somewhere at Sanpada, Navi Mumbai) 
#MumbaiRains #mumbai https://t.co/v4hagIVoOE5qG50QTNo3"
325,TID_17169940723707023261,UID_14883065574371926186,"सुदर्शन न्यूज के रेजिडेंट एडिटर मुकेश कुमार जी छूटकर घर आ गए है.

ये सुदर्शन की विजय है... हिंदुत्व की विजय है...

अब सुबह उन वामपंथियों व जि हादियों का हिसाब-किताब होगा जो @hoMEOwqNI सर की गिरफ्तारी पर जश्न मना रहे थे. https://t.co/yV0B01lBN~O7J_LoFca6"
326,TID_18283587848770570320,UID_12665630258338852086,"Journalist Hana Mahameed back on screen after being hit in the face by an isra*li grenade
Was Hamas hiding in her face?
#CeasefireForGazaNOW https://t.co/vXsZrg:Zdz4pAeV_OYuJ"
327,TID_16445162269280397126,UID_1298542351206893193,"Current Situation of #MiraRoad Railway Station..

🤔

#MiraRoadRiots https://t.co/g-cVO8xsFurNuh9Rf3Hz"
328,TID_9910299219313633227,UID_13145170244503254647,"बांग्लादेश में हिन्दू बच्चे की बेरहमी से हत्या !!

मोहम्मद सोहेल और उसके दोस्तों ने मिलकर स्कूल के एक हिंदू लड़के निरोब मंडल को जान से मार दिया। https://t.co/09t:3QBMe0h_I6:6ANeD"
329,TID_6784999641305138486,UID_16324992678805792932,"सऊदी अरब की इस मुसलमान महिला ने क्रिस्टियानो रोनाल्डो से एक सवाल पूछा..

#रोनाल्डो आप सबसे ज्यादा किससे प्यार करते हो, ""क्रिस्टियानो रोनाल्डो ने कहा में #इस्लाम से प्यार करता हूं।

#अलहमदुलिल्ला https://t.co/fGe24h4jFhuLwePo~8Q3"
330,TID_12711051965289596124,UID_6433997485211975298,"Infected by secularism, a school in Australia held a session on how to pray in a mosque. Parents accused the school of brainwashing and Islamizing their children. “Would Muslim parents want their children to visit a church and pray to Christ?” asked one parent. https://t.co/9p6UwpzeCOKkVgnKbAZc"
331,TID_4996112741608624370,UID_14693072991040269707,"Atleast 12 Mosques and dozens of Muslims houses are targetted since a week. 

#IslamophobiaInIndia"
332,TID_3683034483993871392,UID_17811459177973275592,".@qrVVe2twYuD_  के अनुसार घटना वर्ष 2017 की है, तहरीर के आधार पर थाना टांडा पर अभियोग दर्ज कर राष्ट्रीय सुरक्षा कानून (NSA) के अंतर्गत वैधानिक कार्यवाही की जा चुकी है। कृपया बिना सत्यापन के भ्रामक पोस्ट कर अफवाह न फैलाएं।

#UPPViralCheck
#UPPolice 

https://t.co/lCzdC9P1K8BiRBULv8aJ https://t.co/HisutZrb4MMf-dfN5d00"
333,TID_12793740942804342677,UID_5071450690223887221,@vefcdoImB8JLZtx https://t.co/C5zo~2D3ULdpN0m1KdSL
334,TID_16531097292249117172,UID_11108249296844515529,"कोर्ट में CBI ने बहुत बड़ा दावा किया है. केजरीवाल ने सारा दोष मनीष सिसोदिया पर डाल दिया है,केजरीवाल ने आबकारी नीति से पल्ला झाड़ लिया है. 

#ArvindKejriwalArrested #AAP #SupremeCourt #CBI #ManishSisodia @jEM4VZ9kYtJV @gQ0SSnhiG https://t.co/nQyedc8-lZT_hHD~5LkK"
335,TID_137862849713193120,UID_16825505435287858374,"@i08A0JMSqt65P bags the 1⃣st🥇for 🇮🇳 at the ongoing Asian Athletics Championships 2023 🥳

The #TOPSchemeAthlete clocked a time of 13.09s in Women's 100m Hurdles Event. 

Meanwhile, her counterpart Nithya Ramaraj clocked 13.55s &amp; finished 4⃣th at the event. https://t.co/tMLU~udGZjTj5demKh_n"
336,TID_7016223500525153358,UID_2189707872081488868,"काँग्रेस खासदार छत्रपती शाहू महाराज आणि सतेज पाटील यांनी विशालगड ला जाऊन समाजकंटकांचा डाव उधळून लावला म्हणून छत्रपतींची या ना त्या कारणाने बदनामी करने चालू आहे.

छत्रपतींनी कान पकडून माफी मागितली असं भाजप IT सेल वाले पसरवत आहेत. पण ती महिला तिच्या कानातले दागिने कोणीतरी ओढून नेले https://t.co/nLF2Vwi4KbwdqY3Ll3kV"
337,TID_2326321267876042063,UID_14175262938273781605,"@wdhN7jNqTHpRtkP The Woman is not a Hindu but from Muslim Community, and is struggling with Mental health issues, Here's a statement by Masjid community center. 
https://t.co/~BXpQZnb93ZvQgu6lDg2"
338,TID_1265453847210225077,UID_2291159061702494750,"देवभूमि हरिद्वार में जिस तरह भाजपाइयों ने शराब की नदियां बहाई, क्या उनके कपड़े देखकर प्रधानमंत्री या स्मृति ईरानी उन्हें अभी तक पहचान पाये है? https://t.co/mMskMsc9jyHeOHoLCLGa"
339,TID_327398258573752942,UID_12267707111037854628,"Give a missed call to the number:

          9090902024

to indicate your consent for UNIFORM CIVIL CODE 

2 MILLION Muslims &amp; Christians have voted against it.

 It is for all Hindus to give their consent to UCC by giving a missed call before 6.7.2023

🙏🕉️🚩🇮🇳

#ucc https://t.co/r2WcbxD:9:_vBzRUxAEk"
340,TID_17776618623291681812,UID_1717275854403250776,"बांग्लादेश में हिन्दू होना पाप है !!

ये निरोब मंडल है , इसकी गलती थी कि ये एक हिन्दू था !!

बांग्लादेश में मोहम्मद सोहेल और उसके दोस्तों ने मिलकर स्कूल के एक हिंदू लड़के निरोब मंडल को जान से मार दिया।

https://t.co/oBY6iM-K3zwj5Q36mmqQ https://t.co/CIKZw362TNNNnNe8gHlS"
341,TID_16196304663002299277,UID_14198205523715657749,ट्रेन के होरन से इनको दिक्कत हो रही थी नमाज पढ़ने में इसलिए पत्थर फेंक रहे हैं  😡 https://t.co/-ABvo:k0SWc1sCjQ8frD
342,TID_12970041148933203665,UID_10876052625705517804,https://t.co/z4lM4jRf9zZd30SQY2D4
343,TID_3647514053213153573,UID_7290305125467738930,What’s happening in Borivali EAST https://t.co/k_2~x-CxaI-0rjxMGuYD
344,TID_12074453057649413516,UID_12148729232989402981,ये कौंन है @bgduIEsBbIfYLTS जी बताओ जरा https://t.co/V_IuP74D4d9Gfai~b-6J
345,TID_13042882923885524263,UID_6926210759940344719,"26 मई 2023 को भारत सरकार ने उपलब्ध करवाई गई दूसरी ज़मीन एम्स निर्माण के लिए उपयुक्त नहीं है ऐसा लेटर बिहार सरकार को भेजा था जो इसके साथ शामिल है। 

आप ही बताओ ज़मीन को क्यूँ बदला गया, किसके हित में बदला गया?"
346,TID_1674501149599760480,UID_5805173991962919346,"A criminal case has been initiated at Karaya PS over the issue. Legal action will be taken against those responsible for spreading such rumours and fake messages. (2/2)
#StayAlertStaySafe
#WeCareWeDare
#SouthEastDivision_MyPride
@kOKilMYMr
@e8aAwZC3OfMmh
@n272ayYN"
347,TID_4081911298463515332,UID_7902285587341787238,"⭕🗣️ बॉम्बे हाईकोर्ट का बड़ा फैसला
🟢अगर कोई मुस्लिम छात्रा शिक्षा प्राप्त करने के लिए, गाउन स्कॉर्फ या हिजाब पहनना चाहती है तो कॉलेज के मैनेजमेंट को रोकने का कोई अधिकार नहीं है
कर्नाटक हाईकोर्ट के फैसले का मुँहतोड़ जवाब 
एक देश, दो क़ानून !!
#HijabIsOurPride #HijabisOurRight https://t.co/mmQ84Ar9ngXN2czqRR_q"
348,TID_3200410480916930300,UID_7052675615672506565,Apologies for earlier tweet. The video shared was from 2023 assembly elections 🙏🏻
349,TID_17890934007472549691,UID_12763748975450345622,"Rahul Gandhi went on another sudeen secret visit, this time to Uzbekistan, in between elections in India. 

Who is this lady in brown shirt with Rahul? Expect another Toolkit against India !

@gpmiLJTnZT5 has lot to answer. https://t.co/2DCcdWVIDaYIQvGq:Fc1"
350,TID_1644803508719618120,UID_361112382945893296,"ये BJP के गुंडे -- वर्दीधारी पुलिस पर हाँथ उठा रहा है -- अगर इसके स्थान पर कोई मुस्लिम होता तो क्या होता ?

इस पर सरकार NSA और राजद्रोह का केस क्यों नहीं कर रही ??

पालतू गोदी मीडिया इसपर डिबेट्स क्यों नहीं कर रही है ??
 https://t.co/fqj3N17DnIq3yFfGi2In"
351,TID_12658191487220877875,UID_1970403989762949184,@tdD4uG5hJ हैदराबाद से पश्चिम बंगाल जाने वाली ट्रेन को जिहादीयों ने मुस्लिम एक्सप्रेस बना दिया। गार्ड कह रहा है ऐसे गाड़ी नही जायेगी किन्तु जिहादी अड़े हैं कि गाड़ी ऐसे ही भेजो। यह कौन-सी मानसिकता है? इस न्यूज़ को कोई भी न्यूज़ चैनल नहीं दिखा रहा है …🇮🇳🇮🇳🚩 https://t.co/2BpcMk:i0cI~UvjUV~yP
352,TID_14461657086300436444,UID_484886525135113725,"उत्तर प्रदेश में अधिकारी फैंसी ड्रेस पहन कर कोर्ट का ऑर्डर नहीं मानते हैं
वीडियो में आदमी कह रहा है कि मेरे पास कोर्ट का ऑर्डर है लेकिन यह छैल छबीली अधिकारी कह रही हैं कि कोर्ट का ऑर्डर मैं नहीं मानती बुलडोजर का राज चल रहा है यूपी में नियम कानून की धज्जियां उड़ाई जा रही हैं https://t.co/sG4zTCh4O-rP~-7u-baL"
353,TID_3152164938746200954,UID_3357893341530325286,"Om Birla's daughter, Anjali Birla, went from modeling to clearing the IAS exam in her first attempt.

How did this happen??? https://t.co/dXU1SfrLFW-r4iU8sGLA"
354,TID_8330909346925992532,UID_15912086193423169365,यह सभी मीरा रोड के बाबर वंशज ऐसी हरकतें करते हैं उसके बाद कुटाते फिर कहते हैं कि हमारी तो गलती थी ही नहीं https://t.co/U8BtJlX431:u-HmOrmDM
355,TID_6178051148563680691,UID_6048415683290185998,⁦@fSH5zx⁩ महोदय क्या आप इन झूठे लोगों पर FIR दर्ज़ करेंगे? ⁦@eLta3⁩ ⁦@tdD4uG5hJ⁩ https://t.co/w:YH0c3uBrfnjU7vbfce
356,TID_7031931862669161180,UID_10735750348410352808,"ये वीडियो वसुंधरा राजे का रविन्द्र सिंह भाटी के साथ बातचीत का बताया जा रहा है। वायरल वीडियो में दावा किया जा रहा है कि मैडम बीजेपी के बहुमत जुटाने में लग गई हैं!"" @rsCao4gudE2uF3r 
https://t.co/Z8WOGaUazr3R4:DBjqM3"
357,TID_7433361631331815291,UID_10662051368986277363,"इतिहास में पहली बार 1,1,2023 को मक्का शरीफ में बर्फ की बारिश हुई सुबहान अल्लाह
#SubhanAllah https://t.co/20zC:2KochUgLEtH9WJ~"
358,TID_6787024173381241480,UID_8982968083864743857,"मामा ने मध्य प्रदेश में हार मान ली है 

हम तो 450 रुपया में गैस सिलेंडर देने का 
झांसा दे रहे थे कांग्रेस सही में दूसरे प्रदेशों में 
₹500 में गैस सिलेंडर दे रही है , यह बात 
स्वयं मामा अपनी मीटिंग में कह रहे हैं?? https://t.co/_DMtm-07U5wT_YGgm:eA"
359,TID_4227019722633410091,UID_8126051247141530311,"MNC tech co employees in Bengaluru (Anabatic technologies) owned by some Japs celebrating BJP defeat in Karnataka...
Company name/logo visible at 1:02 time of the video. https://t.co/e_bD3hsbSn8xvuBXM_AF"
360,TID_17612047212210250564,UID_16075782395264997692,"The Law Commission of India cautions the people against the fraudulent WhatsApp text, messages and calls being circulated regarding #UniformCivilCode.   The Commission clarifies that it has no involvement or connections with these texts.

#UCC https://t.co/mahG4IWn10975KeVfP-3"
361,TID_4038990454091432796,UID_9770952670893428037,तुर्की के सैनिकों ने उन कंस्ट्रक्शन ठेकेदारों को गोली मार दी जिनके घटिया काम ने हजारों निर्दोष लोगों को मार डाला।भूकंप को अवशोषित करने के लिए उन्हें भूकंपीय डैम्पर्स के लिए भुगतान किया था लेकिन उन्होंने ऊंची इमारतों की नींव के नीचे कार के टायर गाड़ दिए.क्या भारत में ऐसा संभव है❓ https://t.co/Tas82LmiqRu4Dx~nQxZY
362,TID_540244562913177730,UID_14175262938273781605,@jZ5I9ov Here is his response to the tweet by @jZ5I9ov. https://t.co/iAXA-yD2hePWKTSzajLt
363,TID_7567101986554990398,UID_10128255397998260735,"This is what Afghan fans are doing. 
This is what they've done in the past multiple times.This is a game and its supposed to be played and taken in the right spirit.
@hH6h7mlN90CMtUL your crowd &amp; your players both need to learn a few things if you guys want to grow in the sport. https://t.co/r0AEjeTV0OLUTwpfeV1c"
364,TID_6923648490742911814,UID_4505998647152896967,"देखिए पाकिस्तान में 100 साल पुराना भगवान शिव के मंदिर को कैसे तोड़ा गया । 
और यहां सुप्रीम कोर्ट के निर्णय के बाद बनने वाला राम जन्मभूमि मंदिर ना सिर्फ ""हरे कीड़ों"" को बल्कि कुछ तथाकथित सेकुलर हिंदुओ को खटक रहा है ।

https://t.co/g3A3WLelvfhKhFXCKxqs https://t.co/CevcjSdpaf3dj6ozJZkX"
365,TID_8793009044680435579,UID_9347243611394463411,@ndrXyYlpDAEF4my Never Trust Any Modi Voters https://t.co/J:-LWT~5~a1xcW:NT9~Q
366,TID_17530518207263758299,UID_10676424196660477693,"Again 8 Hindu houses and shops were attacked, vandalized and set on fire i Chandib village of Bhairav, Kishoreganj and the Shops of Hindu traders was set on fire in Narsingdi.
#SaveBangladeshiHindus 
#IslamicTerrorismInBangladesh https://t.co/8ivmh:6GDnjyJCRfm01j"
367,TID_15787020529595937777,UID_8528168790201870426,Daughter caught in liquor scam. Papa suddenly is a changed man . https://t.co/ebOO6WxanFrya1wVfqLS
368,TID_5372009301045830999,UID_6162400997795746884,Public in Rajasthan greeted CM Gehlot with Modi-Modi chants 😀 https://t.co/xOyogNX8UIWJu8oQJqaz
369,TID_9919631822832198272,UID_8378979209860038543,"▶️ इमरान खान की गिरफ्तारी के बाद की पहली तस्वीर सामने आई है. 

▶️ इसमें इमरान एक कुर्सी पर बैठे नजर आ रहे हैं.  

#Pakistan #ImranKhanArrest @pRM9r3L2Flc7d https://t.co/fNsm6:jLcE8E15TY62DD"
370,TID_8565426854062610667,UID_16371771143914101646,"The Rahul Gandhi craze ❤️🔥
@gpmiLJTnZT5 

#NyayYoddha 
#NyayYatraInAssam https://t.co/2H~U7Q5-hEwIfUeKXE4t"
371,TID_7137167310340182039,UID_8596586002236791209,CM गहलोत के सामने लगे PM मोदी के नारे। https://t.co/dcsyl18jZGhogtUiz:jd
372,TID_8556766814601713156,UID_4720074286654873886,"क्या ये देश के लिए महिला रेसलिंग में पहला ओलंपिक मेडल दिलाने वाली @eSaCFeS9nz1 है?
अगर यह तस्वीर आज की है तो समझ नहीं आ रहा कि देश का जमींर जिंदा है या मर गया ??
#WrestlerProtest https://t.co/RtyHexhUg6iZBxBnPnUF"
373,TID_9844789038744447208,UID_17745631085788250641,This another gory murder in Kerala by Commie/Jihadi goons of a lady supportive of BJP. @ojJ_D @gN8Hj8fVr @fHZ_ngFR9jh8R @rDzs7wMciAJV https://t.co/q8hTcGvu1Uf9L6zatYRT
374,TID_8234204779256557324,UID_3902174728927338084,"No ""Face"" will stand in front of Lalu's ""Base"". Come &amp; Count as much as u can in Gandhi Maidan, Patna #DeshBachao https://t.co/lcVeQdExMN1g_KAFhv62"
375,TID_15474379820513648253,UID_17423064403446240194,I Condemn Killings Of Human Beings Irrespective Of Their Religions Still My Eyes On POK https://t.co/qX1gN_w:OSJe0hzIZc45
376,TID_11705813040388500857,UID_17578299231470544533,"One Nation, One Solution.

Watch this ‘Modi hatao’ video which is viral in Karnataka. https://t.co/C2XCMjRxBo7z-:-IYC:P"
377,TID_7591686955676307323,UID_2516474699236372807,"#FakeNewsAlert | NDTV has not carried any poll of polls for #Telangana2023. Please don’t spread fake news. 

For fastest and most accurate election results, do log on to https://t.co/S0fn6FjD0EbRuAtSYk~T on Sunday https://t.co/FkblpZropG3m~xisj7VO"
378,TID_1438645736982585839,UID_3686124128398296779,गुजरात के सूरत मे देश की सबसे ईमानदार पार्टी भारतीय जनता पार्टी* के ईमानदार नेता *शिखर अग्रवाल* के घर पर RAID पड़ी है।  इतनी रकम देखकर आपको इनकी ईमानदारी और इनकी चुनाव की तैयारी का आंकलन हो जाएगा. https://t.co/eLxf5tMISuNvDRJU2kZy
379,TID_401563957291079030,UID_6924221805236641664,"बिहार के जिला गया की एक वीडियो वायरल हुई है। जिसमे एक बेटी को मनचले सरेआम ज़बरदस्ती नोचते रहे। आधा दर्जन लड़को का गैंग इस बेटी को शारीरिक तौर पर परेशान करता रहा, इनमे एक वीडियो भी बना रहा था,  लड़की रोती रही, चिल्लाती रही लेकिन ये बेहूदे लड़के उसे नोचते रहे... कानून का डर खत्म ही https://t.co/UXTNKQqHrUe_5ywS7~WJ"
380,TID_8904313416110472827,UID_6815378823725139312,"Although Poonawala is usually a Parsi surname and the accused claims himself to be humanist, such a heinous crime against a woman should not go unpunished.

Regardless of his beliefs he should be given harshest possible punishment.

At the same time, we need to call out ++ https://t.co/Zisn-7F2QvsoJXjhHEUM"
381,TID_3246009228809222115,UID_9345843071145546212,Horror started on Hindus Sadhu by the supporters of Jihadi *AAP &amp; Khalistan* https://t.co/xcjC98g2zNy8z4t4hsDK
382,TID_8414316963763923004,UID_7446287389509577364,Fake னு சொன்ன பொறம்போக்கு நாய்களுக்கு. 👇👇 https://t.co/mVUFumxWBtMw~82q:ftJ
383,TID_17706055311245982392,UID_9557327798049360725,"हिजाब भी इस्तेमाल हो रहा है बच्चा चोरी के लिए... सावधान रहें 🙏
#HindusUnderAttack 

@rpKcsP @oupdAqeacyQ @ecJHKRK @oBIPAyP2k79 @fMvBjwq @jZfSdxyucH7C80o @hYtAVhT @dmaAj8OHpG4 @pU1L6qZzT8i7 @cZgaKHDOSbrl @shoIP8phYYpGxRj https://t.co/skr-EcI2Fh-rGdQEMcdm"
384,TID_2969027432043280205,UID_7676708032316824261,"You are not The Hindu if you are not questioning Virat eating beef .

and now, where are all right wings and so-called Hindu Sher pages 🤡 ?? https://t.co/2bR2CXCAg6TP4W~m-SSe"
385,TID_13255363546469462771,UID_391318465210998685,"Few handles are sharing an old video of protest held during Dec. 2019 at Kartavya Path, claiming to be video of father of a five years old rape victim.
Such information is false and malicious. People are advised not to share such wrong information.
#fakenews
#DelhiPoliceUpdates"
386,TID_16279953034575715616,UID_12962784540579661611,"Patna: Bihar CM Nitish Kumar met RJD chief Lalu Prasad Yadav at latter's residence, in the presence of Deputy CM Tejashwi Yadav and Rabri Devi 

Nitish Kumar will be visiting Delhi today https://t.co/nN:fBK2BSSv3h52Ls7XG"
387,TID_5704099181661207744,UID_13295534833170591755,"कांग्रेस के इरादे, तिरंगे पर कलमा

तेलंगाना में कांग्रेस के जीतते ही भारत के झंडे पर कलमा लिख दिया गया....................... क्या अब भी कांग्रेस को लाना चाहोगे अपने अपने प्रदेस में या केंद्र में.... ............... https://t.co/6GOzgCBdKchWLlPbY-79"
388,TID_11857885352553703919,UID_8869893107684278780,बाईक है या कार 😞😞😂😂😂😂😂😂😂😂😂😂 https://t.co/Bs93k9H1QJebu6uTUIHD
389,TID_15826458978403071917,UID_11197719011390170758,Newly appointed Uganda police spokesman hits News reporter with a caterpult for asking irrelevant question. https://t.co/W-u4W9-n:F:kYgVilbL9
390,TID_4585115365612860464,UID_1013466449129478840,Is that Same DNA doing susu in gulabjamuns ? https://t.co/v~5iR7RW~hjFLbJQSGIv
391,TID_2115260507955626952,UID_391318465210998685,"FALSE NEWS:
Some social media handles are wrongly projecting videos of Chehlum procession,as communal protest before G-20 Summit.The Chehlum procession is traditional one and carried out with due permissions from the law enforcing agencies.
Please do not Spread rumors.
#DPUpdates"
392,TID_3071684925437181631,UID_8684663528344212319,"@gDiS1gyh जनपद में बच्चे चोर की अफवाह फैल रही है कृपया ऐसी अफवाहों पर ध्यान न दें एवं आमजनमस से अपील है कि कानून को अपने हाथों में न लें यदि किसी प्रकार की कोई सूचना मिले तो तत्काल अपने निकटतम थाना/चौकी क्षेत्र व डायल 112 को सूचना दें,इस संबंध में #SP_Sitapur द्वारा दी गई बाइट। https://t.co/xSWcnQJP3HvZFcvHveyj"
393,TID_15618089078443807537,UID_10354285170989346881,"See #AftabPoonawalla , how Champion of Liberalism. https://t.co/Mx-9oyelT3she6m:wtLV"
394,TID_14588483132998730915,UID_8418711100600088203,A message of hope to the children affected by the conflict in Syria. @byy3BuZmG82EfiN https://t.co/raiYnFyLYhgMyjLlZ-o9
395,TID_15037348940847566123,UID_16380567609034521319,"His name is Rafiq. What is his business?

He drapes Sarees on Hindu women in Hindu marriages and functions 🤷🏻‍♂️🤦🏻‍♂️

Hindus are inviting people who don’t differentiate between Bhai and Jaan.

They are inviting their own doom. 😡😳

It’s an old video but we have to keep reminding. https://t.co/E~xl3:K52HCZk~27NF1y"
396,TID_2988652423259668455,UID_8578498818575685797,देश का दुर्भाग्य है कि तीर चला नहीं वरना देश का कल्याण भी हो जाता और लवणासुर अपनी मौत का खुद जिम्मेदार होता https://t.co/wsq-pvZmRcGgBosO6cS_
397,TID_6715776015245389219,UID_5478367285872599145,"ED has carried out search operations under PMLA, 2002 (on 10.09.2022) at 06 premises in Kolkata, in respect to an investigation relating to the Mobile Gaming Application. Cash amounting to Rs 17.32 Cr has been seized"
398,TID_4974014855418151515,UID_1420584834983937824,"#BREAKING - Shooters of Atiq and Ashraf caught on camera. WATCH. 

@julQ4z8ES5 with more on the incident.

#AtiqAhmed #AshrafAhmed #Prayagraj https://t.co/Bo-l:eUcQt9sKQUFhBmf"
399,TID_8791083870591530886,UID_5321728043551226024,"Many people are circulating fake videos claiming that the three accused in the Atiq Ahmed murder case are chanting Jai Shri Ram.  No slogans were raised.  

I repeat no slogans were raised. 

Beware of those who are spreading fake news to drive their propaganda."
400,TID_16378352092300662490,UID_1851994397950336826,"Are you redy  for 👇
#आलिया_My_Foot  #BoycottBollywood 
#BoycottBramhastra https://t.co/iRb_8cKlE_WZla8HQwKn"
401,TID_16912367468161302832,UID_17185577421116811826,"गुजरात के सूरत में, देश की सबसे ईमानदार पार्टी आम आदमी पार्टी के, ईमानदार नेता #शेखर_अग्रवाल के घर पर RAID पड़ी है...

*इतनी रकम देख कर आपको इनकी ईमानदारी और इनकी चुनाव की तैयारी का आंकलन हो जाएगा..
एक और केश कांड 😎👇

@dNaYBcmquQNVTPn @i8Ij9pek1bDM6 
@gl3wqpqpXOCs1Y @nOBdQjYX https://t.co/7tUTRWj7M0p1Z8C9cTz2"
402,TID_10657952963896446856,UID_5217620979663988918,"#Palestinian siblings went to fetch water but were killed by #Israeli soldiers. The younger brother dragged his sister's body home.
For two years, #Russia and #Ukraine accused each other of being Nazis, until Israel had to show them what the true Nazis were.🤔
#IsraeliTerrorism https://t.co/WTz:o4SvVm3veQT5vdU0"
403,TID_12697900374549964283,UID_214644813850887764,"In NEET UG paper leak case, arrests made by CBI so far :
-Md Jamaluddin who was working for Prabhat Khabar
-Dr Ehsanul Haq, Principal Oasis school
-Imtiaz Alam, Vice Principal Oasis school

A few more such arrests and see how the opposition stops talking about this issue....!!"
404,TID_16336295818399999067,UID_17242311603271759318,"Scenes from outside Nawaz Sharif's Avenfield residence.

Khan has 3 powers right now:

1) Youth
2) Overseas
3) Social Media

And nobody can buy or beat them on earth ✌😎

#حقیقی_آزادی_لانگ_مارچ https://t.co/juQmAUIEinPSl1RVzF0U"
405,TID_3891009570271552651,UID_13661620161494709506,"Propagandist and serial fake news spreader, Meer Faisal, shares a three-year-old video of Allen coaching institute to spread communal hate against Hindus

https://t.co/ComwvC8RHtNWLFTV5R~s"
406,TID_4462654439774264080,UID_620176111725080377,Das sind doch keine Menschen die zu so etwas fähig sind. https://t.co/Cf~C_XsiizZpKQStfs3y
407,TID_5837713223254758889,UID_8277437464968022925,जिस प्रकार गुजरात में बेट द्वारका के पास हजारों अवैध मुसलमान बसे थे उस आधार पर अंदाजा लगाया जा सकता है कि देश में सैकड़ों कसाब बसाए जा चुके है https://t.co/ss_-mwgbIEyBOmkVXp6N
408,TID_17543895769280577953,UID_16981052133289512744,https://t.co/VHTcoeoBTpTW9rs_etCm https://t.co/E6f6Vu1iyGxT6xRQC1qU
409,TID_12729437616374636803,UID_1001897969248895865,जिस पार्टी का नेतृत्व अगर यह बात कहता हो तो आपको लगता हैं की अतीक अहमद के गोली प्लानिंग नहीं थी और मुख्तार को हार्ट अटैक सिर्फ एक दिखावा था... बाकी यह आज़म साहब के साथ कुछ अच्छा करने वाले नहीं है जिनके मंसूबे मंच पर साफ़ दिखते हो फिर बाकी सब खुली खिताब है कोई भी पढ़ सकता हैं ... https://t.co/9J9gJS8OLBAR9ZJQ9r_x
410,TID_13492276613163794451,UID_6063728120550399409,"मदुरै कोर्ट ने नहीं मानी Manish Kasyap की कोई गलती ।
पुलिस को लगाई फटकार, विरोधियों और बिहार सरकार को करारा झटका .. जल्दी रिहा होंगे मनीष कश्यप ।
सत्यमेव जयते 🚩🙏 https://t.co/OHwHU5iPnw7AXYVA3FhB"
411,TID_12416842476136020103,UID_12301892325399374547,"Trans Lunar Injection of Chandrayaan-3 has been performed successfully.
@e_8L ISRO has confirmed this via tweet.
🌏  🔜  🌕
#Chandrayaan3 #TLI #Chandrayan3 #ISRO #TransLunarInsertion
@hqud79fa @lHpBcznqBTSf0aQ @oRLfV2xHG8Og @pI7xygtb7ey @dM9bQLw7a0S https://t.co/8_cfeTnVHEbBVrYfJwWo"
412,TID_6264323888971060114,UID_491398388707419091,This is a completely fabricated statement attributed to my father . He hasn’t made this statement and someone is just trying to create mischief . It’s absolutely ridiculous that people would use his name to get more engagement  . Please retweet so that the truth prevails
413,TID_14338960818407784878,UID_6964523502058136476,"न हुकूमत, न अदालत
जो फैसला करेगा, मुसलमान करेगा…

यह #HateSpeech नहीं है! शांति संदेश हैं, जज साहब ?
 https://t.co/SNqZyVMb4ExfMz5YOP59"
414,TID_10810992347251766119,UID_5338009589962290460,"Alarming Situation witnessed by Hindus yest’day in Nellore when stone pelting happened from Illegal mosque on ‘Hanuman Sobha Yatra’  also beer bottle was thrown on idol!
Shame !
Mr @sbUPIna How long are you going to test the patience of Hindus?
AP need #buldozerjustice

@nJI8556b https://t.co/9dDTT4WWA_Ld6yzf:-Wp"
415,TID_9013630848071447764,UID_214644813850887764,"""Janeudhari Brahmin"" Rahul Gandhi has Jesus's picture in his room.... No picture of Hindu gods in the same room...

 Nice!!!! https://t.co/1XkqlU2TVsIg6cZX5whv"
416,TID_3380749320119385260,UID_1348565230999302374,"Breaking ❗❗❗

पहलवानों के समर्थन में केजरीवाल देंगे दिल्ली के CM पद से इस्तीफा। फिर भी अगर सरकार नहीं मानी तो देश छोड़ कर भी जा सकते है।
#BREAKING #AAP https://t.co/ftpAGGVd5k7D2U9iCnZV"
417,TID_12055096365212291020,UID_2985062806882924098,د لومړي ځل لپاره نن په مکه کې واوره وریږي🌨 https://t.co/NTesq4oaBgbqXo~~9eNS
418,TID_10097575575260475533,UID_7484580860491730321,"@eCRcAmjXSRGj0O Sir, kitna niche giroge? Kitni Fake News Failaoge?

Here is the full video

cc @rsm_v3N @mZFW8AK3 @lIfAWSPF5b1h @gxjoZUcRoUa @lJzesSYrTszw5G1 @wCM3dEdssrovXm"
419,TID_6994488951646143231,UID_4588762553703122982,"Institute for Economics and Peace (IEP), an Australia-based global think tank organisation, in its recent report ""Global Terrorism Index 2023"" has placed the ""Communist Party of India"" (CPI) on the list of the world's 20 deadliest terror groups of the year 2022 on the 12th https://t.co/aj:p39I5~WES4c_wUi6x"
420,TID_15837779275833663222,UID_14693072991040269707,"Muslim students were offering Friday prayer in an area designated for them at Allen Institute, and after seeing this, Hindu students started opposing them by chanting ""Jai Shri Ram."" This video was posted on Instagram two days ago by @xaCDZ4nybTwz. 

#Islamophobia https://t.co/tSPIPr-rxYU1QkW:HJDn"
421,TID_15817918383014226577,UID_16172957992755819787,"आदरणीय श्री लालू प्रसाद यादव जी
के परिवार से  ED द्वारा 
जब्त किए गए  कुछ छोटे-मोटे सामान...  🫢 https://t.co/LaVExhrTz:4~z2vRvHn~"
422,TID_16752800750323669926,UID_9095679466555305729,"स्कूल में दो लड़कों से था प्यार, लड़की ने एक साथ दोनों से रचा ली शादी, जानें क्या है पूरा मामला 

#Viral #Wedding 

https://t.co/Ry3:4kl9sCppIbMyQn9w"
423,TID_16751677972097756693,UID_3498427896299941328,Fixed it https://t.co/jJ_vk2PekKO~:MrzIRpl
424,TID_692192052256158140,UID_17120793812388080690,Here is a video of Kuki people firing’s shots at Meitei people .Is this what you guys called a peace rally and trying to be the victim #manipurisburning #manipur_on_fire #NarendraModi #NDTVExclusive #AmitShah https://t.co/l9S_VCTx4HvZkP85yljy
425,TID_12621418115612627615,UID_16213944887981102889,"The term #LoveJihad was 1st used arnd 2009 by some Hindu &amp; Christian groups in Karn, Kerala to refer to a shadowy conspiracy by Muslim men to deceive/coerce women into converting to Islam + join terrorism. It has since led vigilantes to harass interfaith couples. 2/n"
426,TID_2004084476458009560,UID_9830434413416411316,"11-year-old girl in Sujawal, Sindh, reportedly abducted, administered an intoxicant and raped. She was later beaten and left at a ground. Sindh govt must ensure that the men who did this are behind bars ASAP! #JusticeForJamna https://t.co/9cBsfTtKLdzCIH0m_GAx"
427,TID_17804642189074933571,UID_2304204258978648868,Italian Police SET ON FIRE 🔥 https://t.co/K3gpxKTFlSZ:4wEW3j6h
428,TID_15996716859291583439,UID_18047559381189920289,"আলহামদুলিল্লাহ🥰🥰
অবশেষে হিজাব পড়েই পরীক্ষার হলে
প্রবেশ করলো হযরত সুমাইয়া রাঃ এর
বাঘিনী উত্তরসূরীরা... #HijabRow #AllahuAkbar https://t.co/Bk3VeIuo4zZ2ba0K2D37"
429,TID_367551695261500749,UID_13948786505991355705,"ये हैं समलैंगिक वकील सौरव कृपाल, इनका पार्टनर स्विस नागरिक है और इनके पिता B. N. कृपाल 2002 में SC के मुख्य न्यायाधीश थे।

सुप्रीम कोर्ट का विवादित कॉलेजियम सिस्टम इन्हें दिल्ली हाईकोर्ट का न्यायाधीश नियुक्त करने पर अड़ा है।

समलैंगिकता के प्रति कोर्ट के विचार अब समझ आ गये।
#LGBT https://t.co/FjBvb~SY_YznzYeN~IEe"
430,TID_10771411092189339115,UID_6746098371692294606,"When Effigy of PM Modi was paraded on streets, Punjabi Sikhs were watching it. No sikh on street protested against such Khalistanis 

If Sikhs don't wake up, then Punjab will soon become a terrorist state

#AmritpalSingh #BhagwantMann Kejriwal पंजाब सरकार Bhindranwale https://t.co/7cPgfYAhAyNW84ZZ-rDf"
431,TID_7874363187192113540,UID_16708868207942722899,"जनपद में बच्चे चोर की अफवाह फैल रही है कृपया ऐसी अफवाहों पर ध्यान न दें एवं आमजनमस से अपील है कि कानून को अपने हाथों में न लें यदि किसी प्रकार की कोई सूचना मिलती है तो तत्काल अपने निकटतम थाना क्षेत्र/चौकी क्षेत्र व डायल 112 को सूचना दें,इस संबंध में #sphardoi द्वारा दी गई बाइट । https://t.co/B3ZWV6haP2AjPKGxUSD6"
432,TID_6961224013665285951,UID_15338166772563854842,"SSLC Exam: ಪರೀಕ್ಷೆಯಲ್ಲೂ ಮುಸ್ಲಿಮರ ಓಲೈಕೆ; ನಮಾಜ್‌ಗಾಗಿ ಸಮಯವೇ ಬದಲು!

https://t.co/HNVyaoMJPxP_t6zo1tEK

#vistaranews #SSLCExam #bangalore

ವಿಸ್ತಾರ ನ್ಯೂಸ್ ಕಮ್ಯುನಿಟಿ ಸೇರಿ 📷
https://t.co/eB6ifDoxVFpwXfH7hVyv https://t.co/ijbKZjCOAnAQdGE~6PV7"
433,TID_3577370710010419860,UID_6352703649613535451,@gHHDQvTDEDv Egypt 2014
434,TID_2964886451941061718,UID_12846692325865649300,"इलाहाबाद के संगम में गंगा से बादल पानी ले जाते हुए यह पहली बार हुआ है।
प्रकृति का अद्भुत दृश्य देखें....
हर हर महादेव🙏 https://t.co/iiFEi1_pEsZZ_~4RaqqD"
435,TID_13922545187444662892,UID_15606496707974672121,"صورة | رغم استمرار المخاطر المحدقة.. طفل غامر بحياته لإنقاذ وسحب طفلة مصابة برصاصة قناص ميليشيات الحوثي شرقي مدينة #تعز
#الحدث_اليمني https://t.co/kEIlvay9rR2STveQP6yy"
436,TID_17570033863347718004,UID_10331081914828086906,"Again, a Jehadi attacked a girl over one-sided love, tried to kiII her but people present there interfered, caught that guy &amp; saved the girl ... #Pune 😲😲👇

#TomatoPrice #VandeBharatExpress #Encounter #UniformCivilCode #MeraBoothSabseMazboot https://t.co/JuLQP-bMQ9KO250IADoS"
437,TID_7717976272609278499,UID_14126964927868363976,"मेरठ में साधु बनकर घूम रहे 3 लोगो को पब्लिक ने पकड़ा

पूछताछ में नाम बताया सोहन , आधार कार्ड में निकाला “मो० शमीम”

“मो० शमीम” अपने गैंग के साथ भगवा कपड़े पहनकर हिंदू मोहल्लों की करता था रेकी

पब्लिक ने तीनों पर बच्चे चुराने का भी लगाया आरोप

@kJYGm_X7dNlt @gDiS1gyh https://t.co/rkT4-WuKqfGtL6BXdTW3"
438,TID_10889893837091229255,UID_14513399923859102959,"#TheKeralaStory के सुखद परिणाम।💚
फिल्म देखने के बाद साउथ फिल्मों की एक्ट्रेस संजना गलरानी ने #इस्लाम कुबूल करके #अजीज पाशा ने निकाह किया और सऊदी अरब हज यात्रा पर गई। संजना ने कहा की वो अब सुखी जीवन जी रही है और दिल को सुकून है। B - मंडलीय में शोक की लहर।😍

वहीं The Kerala story https://t.co/Mj_:ZCOSrvigtJ~Qr:vo"
439,TID_11979197005876664115,UID_10084719564519882609,"🚨🚨The modeling daughter of Om Birla, Anjali Birla suddenly appeared for the IAS exam and became an IAS officer in her first attempt.

How did this happen, This needs to be Investigated. Is UPSC also a Scam?? https://t.co/vk0~JmSH8fx3p:Sv4BkV"
440,TID_13244596815901967413,UID_10086235079952447591,"गुजरात में गुंडाराज ! 

ऊना कांड के वक्त मोदी जी ने कहा था- ""मारना है तो मुझे मारो, मेरे दलित भाईयो को नहीं"" लेकिन प्रशासन द्वारा यह सुनिश्चित ही नहीं किया गया की दुबारा इस प्रकार की घटनाएं न घटे। नतीजा-कल वडोदरा जिले में दलित युवक की सरेआम लिंचिंग करने की कोशिश हुई। @rhB7AqNQ4_ https://t.co/bpiPf9UvviE_ybptir24"
441,TID_14299542108004890091,UID_1539815685112292450,This is the Al-Shifa Hospital in Gaza. Imagine how hard staff at CNN and The New York Times have to work to whitewash Israeli atrocities. https://t.co/EJ_Cs-Trk7OJ~1LGeEXD
442,TID_5737239909995582471,UID_8126051247141530311,"Malabar Gold in Kerala gives scholarships ONLY to Mujilims becos they know they have won the demographic war there &amp; Now the Mujilims have begun a Mujilim Cricket Premier League…in Karwar, Karnataka …at least 7 players must be Mujilims. 
The state cricket board has been https://t.co/TBZM2j7FxmfpPlgHdh3B"
443,TID_1094155191842128673,UID_15407774242937926305,@ufSP31ifIIH @gDiS1gyh @cqKUU @lHpBcznqBTSf0aQ https://t.co/~s8aoM7PJ2A8Wg6hp6-G
444,TID_11789238361072678685,UID_18261413826363673399,"There’s a video of a man dancing, allegedly me, that’s gone viral. a) it’s not me, b) mocking anyone this way is disgusting homophobia. Bigots may cloak their hatred behind justifications, but it remains vile. Shame on them"
445,TID_14223931568191446602,UID_8950017482573311175,"-Welcome to #Bangladesh a new Afghanistan 
-Women are beaten if not wearing burka 
-Durga Puja to stop 5 times a day to give way for Namaz
-#Hindus are living under threat &amp; fear
-But we have #Indian leaders going to the West &amp; giving baseless fake statements just to grab power https://t.co/f5GHMlb3xOO8fEAEonhR"
446,TID_187912389826058964,UID_1298598628706968918,"खरगे साहब भी कह रहा है कि कॉंग्रेस जाति के नाम पर देश को डिवाइड कर रही है

That's #WhyModi https://t.co/y~FAb:hJMko2P7URW9ia"
447,TID_17436198584634187104,UID_3200842151448106072,inhe tum kitna bhi apna man|o ye apni jaàt dikha hi denge https://t.co/w3B3c~QV_9Pn5q5DcqdI
448,TID_5577331113290419195,UID_7617183083967309018,"वाह मोदी जी, आपकी पार्टी ने तो तेलंगाना को भी गोवा बना दिया! क्या ऐश है! https://t.co/p8pDGRY6:RgAGxSR-b_f"
449,TID_7671003826080231590,UID_1071218787983526810,"A Hindu Temple Whispers Change in the UAE

Witness the momentous opening of the first Hindu temple in the UAE. From a warm welcome by priests to offering prayers, PM Narendra Modi's visit is filled with reverence and spirituality.

#BAPSHinduMandir #AbuDhabi #AmritMahotsav https://t.co/8AjlzNesU2IPFwM9WIL8"
450,TID_5037893643173756660,UID_6829576387786824747,😳😳 https://t.co/Gl27t21ipjBTkQDSFUkO
451,TID_10217753034837045682,UID_2433737060497362849,"@r0bdvcWdBCUS This is not Rahul Gandhi's Bus. This is a normal bus provided by @jlTMFDwH for people joining the Yatra. 

If you can't differentiate between two completely different buses, how can we expect you to differentiate between people."
452,TID_14739896421249355329,UID_14640600663241820977,"The Chief Justice of the Supreme Court of Singapore, Sundaresh Menon, speaks on how the Constitution of India could be hijacked by Chaddi judges to turn India into a Hindu Rashtra. #BanRSS #shameonmodi #ShameOnBJP #ModiInsultsIndia #BJPFailsIndia https://t.co/vvsn~9r0a1ERIp8qD~Ql"
453,TID_3673661542642812582,UID_7610792313862467527,"Christmas spirit choked by extortion rackets fostered by Kerala's Left ecosystem.

High on drugs and alchohol, goons are forcefully extorting money in the name of Christmas donation!

Kerala turned into a hub of drugs by the Left, holding the youth captive for their political https://t.co/f-7Xnw8vx:yAkxZqeXuy"
454,TID_1315349845275400889,UID_12197390810769737930,Why Did The Congress Government Not Arrest Those Who Raised Slogans Of Khalistan Zindabad Yesterday ? #PresidentRuleInPunjab https://t.co/StY_sQk0dr2A4eciXQVu
455,TID_17225259598586320454,UID_10812111615892498239,"MCD का यह दयनीय स्कूल BJP के 15 सालों की सत्ता की विरासत है। यह दिखाता है कि देश को  @u4gXP93MHwc7eA जी की शिक्षा क्रांति की कितनी ज़रूरत है।

MCD में AAP की सरकार @u4gXP93MHwc7eA जी की शिक्षा क्रांति को अब इन स्कूलों में भी पहुँचायेगी। MCD के स्कूल भी अब विश्वस्तरीय बनेंगे। https://t.co/upcKtQJQvkuA_mgSfbNb"
456,TID_1925141939717225001,UID_4083039171505906580,"आप जानते हैं महात्मा गांधी कभी ब्रिटिश आर्मी में सार्जेंट मेजर थे और उन्हें ब्रिटिश सेना में शानदार काम करने के लिए दो पदक भी मिले थे।

           लेकिन हां कांग्रेसियों की नजर में गद्दार तो सावरकर थे। https://t.co/jPCfvmuJUAsc6OXzuSNr"
457,TID_9771237573003287268,UID_10665837533435149292,"A German cannabis company is looking to hire a “cannabis sommelier” with a salary of up to $142,500 a year — via @lzZ5JefpsRa

https://t.co/CCpe~nfSbkLSZ-2wZdJy"
458,TID_10720205202596145935,UID_2894129020927601471,"अमृतपाल के खालिस्तान की सोच को सटीक बता रहे हैं,माइनो के मातहत,हिंदू-विरोधी और कलयुगी अशोक गहलोत

इन्हीं के लोगों ने पहले भिंडरावाले को भी तैयार किया था जो बाद में भस्मासुर बन गया था। https://t.co/Wm9kV6L:~rG7ZftRjF2N"
459,TID_14139298376887560236,UID_7834882179677415811,Two suspects -Ashish and Abdul- involved in an armed robbery at a jewellery shop in UP's Bulandshahr in November'22 were killed in seperate police encounters last night. They had shot at the jeweller during the heist. https://t.co/WHvmS0-kL6KhgfWSPhtw
460,TID_14082712157236453297,UID_8351757672196009151,@eDoF9UpXT1jZlE @v1mGTIIfNipHO @u4gXP93MHwc7eA @cSES2oy81Ujwp @k6AcGHam5oUBpl   ये सच है कि झूठ
461,TID_16441836442176355601,UID_10621312288878516702,"Ik dacht al, raar smaakje aan die ham. 
 https://t.co/xGc309jQ:WxkSYnjmRft"
462,TID_4323896576293826031,UID_11581887457539945133,"Sharia Patrols in India! 

Islamic woman harassed a Hindu woman for daring to ride a bus in Kerala without a sharia covering. The enraged Muslims demanded she wear a burqa. 

Muslims do not want Hindus to ride on public transportation without adhering to their Sharia demands - https://t.co/_AG1rdSGaTi0W1QJpbk8"
463,TID_15211492811216733332,UID_17173559212664468534,"Congress MP DK Suresh Brother of Congress State President DK Shivakumar  Threatening Police officer...
#goodaism
@hoHk4
@ghxPGR5aGG3W https://t.co/NG2r57VPVg:JrbC55Y6r"
464,TID_8246017194869766933,UID_11870259272500995015,"#baghpatpolice  
थाना छपरौली क्षेत्रान्तर्गत विद्यालय की मीडिया पर वायरल वीडियो के संबंध में-
#UPPolice 
@gDiS1gyh
@j3HKgn3uvQJHF https://t.co/pGxQ4VCypf-bnnmEhc~M"
465,TID_5158895805822288263,UID_657600530965536070,"#WrestlersProtest #WrestlersvsWFI 

Hundreds of people have surrounded tearful wrestlers, asking them not to immerse their medals in holy Ganges

Follow Live: https://t.co/1Ap4VneniiA86thUfHOv https://t.co/C8GksCzEPkT8pOU~K4d:"
466,TID_12541864306344553255,UID_5738103343123188275,"जिहादियों ने हिंदू भाई को रेल में किया लहूलूहान।

@fUAv5wnxkvv67Im https://t.co/MxeKG3jkjihj92IYOjY6"
467,TID_17960991387985102173,UID_9120286886697045203,"𝐌𝐫. 𝐘𝐞𝐬𝐮𝐫𝐚𝐣 𝐡𝐚𝐬 𝐛𝐞𝐞𝐧 𝐚𝐩𝐩𝐨𝐢𝐧𝐭𝐞𝐝 𝐚𝐬 𝐭𝐡𝐞 𝐧𝐞𝐰 𝐀𝐄𝐎 𝐨𝐟 𝐒𝐡𝐫𝐢 𝐊𝐮𝐤𝐤𝐞 𝐒𝐮𝐛𝐫𝐚𝐡𝐦𝐚𝐧𝐲𝐚 𝐓𝐞𝐦𝐩𝐥𝐞 𝐢𝐧 𝐊𝐚𝐫𝐧𝐚𝐭𝐚𝐤𝐚. 

The government must confirm whether Mr. YESU RAJ is a Hindu or a converted Christian, as the Hindu Endowment https://t.co/khdegvxq1878GH3jT_i8"
468,TID_15687828526603583611,UID_7848824775706298009,"Nothing to see here. 

Just an Italian Policeman being set on fire by rioters. 

Just a normal everyday occurrence in 🤡🌎 2023 https://t.co/Bvw-FYm1uxgUAQ0K_hm~"
469,TID_4771597468762791018,UID_12971884059118888226,"हिजाब अधिकारों की लड़ाई लड़ने वाली ये लड़की 'मुस्कान' याद है?  वह अब लंदन में है।  कर्नाटक में भाजपा के विरोध के बाद करियर और जीवन सेट!  सरकार बदली, काम हुआ, टूलकिट पूरा।
#Gujaratcyclone #CycloneBiparjoyUpdate #CycloneBiporjoy #ParineetiChopra #HinaKhan #uniformcivilcoad #UCC https://t.co/ClW7sp6Y6Eu3x1AFEEOZ"
470,TID_9244804483267874896,UID_16791052684995054076,"PM @oRLfV2xHG8Og gave a safe &amp; dignified life to last surviving Sikhs of Afghanistan in India. See what these people are giving him in return. No words are enough to condemn this cowardly act by these cowardly people.

https://t.co/PyHp738T8V9F8_cv~3wa"
471,TID_16646002731084536793,UID_7002545535621376628,"घर से करोड़ों का कैश पकड़ाने से थोड़े दिनों पहले IAS पूजा सिंघल की एक तस्वीर ये भी हैं.!

क्या कैश में बँटवारा नहीं हुआ इसलिए रेड डाली.? https://t.co/lK2S-2:jZVpWJef9o2DK"
472,TID_10369018457576985603,UID_14315120676140004443,Indian idol जैसाअमेरिकन show में अमेरिकन बच्चो ने रामायण सीरियल का टाइटल song गाया और सब की आँखों ने अश्रुधारा आने लगी ..... https://t.co/pX_v1DY56JbfBUfFqVTx
473,TID_18435257336789360742,UID_8177493998320278668,"🚨 BREAKING: HAMAS TUNNEL SYSTEM EXPOSED - 1300 TUNNELS | SPANNING 500km | 80 METERS UNDERGROUND

Recent Situational Reports exchanged between the U.S. and Israel, obtained by our team, have provided unprecedented insights into the tunnel system beneath Gaza.

The IDF estimates https://t.co/jIMHkrzgYYenGuVUoTak"
474,TID_1497762705696872967,UID_6104921866098400794,"माफिया अतीक अहमद के वोट से बची थी UPA सरकार !  

लिंक : https://t.co/itofGCOyVQECa7yWrJhA

#5kiPanchayat | @makYpD77u25akJ  | @mXs8jPuNm0Qse9l https://t.co/DRRpl9lTIsIoI4vty3u4"
475,TID_13769082037428182635,UID_7052675615672506565,"Blood boils watching this 🤬

Elderly couple assaulted by an educated doctor Abhinav Singh, who happens to be the son of BJP leader Dr Birbal Singh 

Accused lands up at the 70 yr old retired bank manager's house in Bijnor #UttarPradesh, repeatedly slaps &amp; assaults him, threatens https://t.co/_X8uCfUc8hstEBjUt_4Y"
476,TID_15674034169461559114,UID_12356812331233776854,"ये आपके चच्चा जान खुलेआम हिन्दुवों को मारने की धमकी दे रहा है, तुम्हारा Victim Card एक्सपोज़ हो गया है।

अपनी आसमानी किताब ठीक करो सब ठीक हो जाएगा। https://t.co/drwKNwGG~LQo0HcgcSpN"
477,TID_17588847090080603633,UID_9054049718292764867,"Arrests have been made by Sindh Govt am told. This a heinous series of crimes, not just one. Even after culprits r behind bars this innocent young girl will have trouble regaining any kind of life. I would urge all concerned not to share her videos. #Justice4Jamna"
478,TID_4309043104973536847,UID_13257656006203880626,原来被打下来的气球是这样工作的！ https://t.co/7FVv8fw9wUQ9SSdwt:aw
479,TID_10186780156186044863,UID_581523318253212983,"Breaking ❗❗❗

पहलवानों के समर्थन में केजरीवाल देंगे दिल्ली के CM पद से इस्तीफा। फिर भी अगर सरकार नहीं मानी तो देश छोड़ कर भी जा सकते है।
#BREAKING #AAP https://t.co/-p2DKJbdc7oAeO1CV8p1"
480,TID_17423725520303890160,UID_3948443594167327575,"वीडियो मुंबई के सान्ताक्रुज़ का है!

फैसला अब बुलडोजर से होगा!
अदालत का आदेश नही मानती ये मोहतरमा!

कोर्ट का आदेश लिए बुलडोजर के आगे खड़ा बुजुर्ग व्यक्ति का नाम हाजी रफत हुसैन है!

सुनिए BMC की महिला अधिकारी को, भाषा इनकी एकदम गुंडों जैसी है!

कोर्ट के आदेश से ऊपर है ये BMC की https://t.co/PtSPae2G~frBnec3nZJq"
481,TID_8760534371551028676,UID_3366076508475044871,"#Breaking | #WestBengal: Two days after the launch of #VandeBharat express, stone pelters target train

It is state govt's total failure to keep the law and order situation here: Bengal BJP VP @fpZDMEBrnifG

TMC sympathizer Manojit Mandal joins in

@fK3Mg_Xs5Pt2 @ws9iZPoSd1RP5nY https://t.co/B3L9H69hPFPj5mHfqjG_"
482,TID_13434540105514875928,UID_8206082743250361926,"An update on the Bangladeshi woman abuse case:

Twelve accused are arrested, out of which 11 accused persons &amp; the victim are Bangladeshi nationals. The investigation is complete and a detailed &amp; systemic 1019 page charge sheet has been submitted to the Hon'ble Court.. (1/3)"
483,TID_17011014323266507742,UID_5188553561658505234,"""As long as the country is Muslim Majority, you can follow the Quran and consider non-believers as Kafirs, no problem with that...but when you are a minority as in the case of India, you have to be tactful and call non-believers as your brothers"" 
Justice Kamal Pasha in Riyadh https://t.co/MGgcZEcH:euakb0NMH~u"
484,TID_6695133700797184495,UID_6093424281469062493,"Mera Abd00l aisa nahi 😡😡

#LoveJihaad https://t.co/DVTHsw_7eXqayVECASF1"
485,TID_15903972989293651234,UID_12860738930800179363,You are environmentalist Really 🤔@o2KgogysrjYTS
486,TID_5594622219781244695,UID_11150590109483361935,भाजपा के लोग भी गुजरात की चरमराती शिक्षा पर प्रश्न उठा रहे। पार्टी लाइन से ऊपर उठकर गुजरात में अच्छी शिक्षा के लिए आवाज़ उठने लगी है। 27 साल में भाजपा अच्छी शिक्षा नहीं दे पायी। गुजरात के लोगों और सभी पार्टियों को साथ लेकर “आप” सरकार गुजरात में भी दिल्ली की तरह अच्छी शिक्षा देगी
487,TID_11377556773967162278,UID_12532871358157495446,"#IndiaAt75 Kankaria Lake in Ahmedabad is a circular lake with a thin piece of land connecting to the centre. It has an interesting connection

This lake was the inspiration for the logo of State Bank of India, designed by National Institute of Design, Ahmedabad in 1971!! https://t.co/dlDbIHBBQZtewBhQKOQv"
488,TID_446435205852544992,UID_16371204876076456164,बागपत के थाना सिघावली छेत्र के अमीनगर सराय में पाकिस्तान का झंडा लहरा रहे व्यक्तियों को स्थानीय लोगो ने पकड़ा एवं पुलिस के हवाले कर दिया https://t.co/G6gpXwt:Lo8VPJuyNcI-
489,TID_11595290659269606924,UID_10349443011700343728,Party planners for some judges &amp; lawyers hit beaches for a summer bash before the Supreme Court is to give verdict on the same sex marriage in India👇   https://t.co/MLBBWqhi6G0UTaW-9c2k
490,TID_3023200247847967152,UID_5497114995782805271,"By Indian Navy.... Under water..Jay shree Ram..
#जयश्रीराम https://t.co/9YHMJhFTDd:q~JDoR~JX"
491,TID_10082855483597960141,UID_17415966689036920840,"A pair of Palestinian siblings went to fetch water but were killed by Israeli soldiers. The younger brother dragged his sister's body home.👇
For two years, Russia and Ukraine accused each other of being Nazis, until Israel had to show them what the true Nazis were.🤔 https://t.co/mYQOqI6ZMXpwgkB6QcWA"
492,TID_7089322290845615415,UID_7029415367074276312,देश की जनता को यह सच्चाई भी देखनी चाहिए.. आंदोलन में जाने के लिए रेट तय नहीं हो पा रहा 35 हजार या 40 हजार.. को लेकर लड़ाई हो रही है.. https://t.co/YVhvbmMuG2lEQgVxBkLJ
493,TID_9404616859078143659,UID_8766216573435727965,"🚨🚨 :: Ronaldo Stand with Palestine 

Whole World stand with Palestine 

Free Free Palestine

#Ronaldo𓃵 
#Palestine 
#Israel 
#Gazagenocide #Isarael #IsraelPalestineConflict #palastine #غزة_الآن #طوفان_الاقصى_ #GazaUnderAttack #FreeGaza #HamasTerrorist https://t.co/R:x__YG7kl4MMxN5wfBR"
494,TID_5241680371282282932,UID_13232138230885637266,International support for Congress 😂😂😂 https://t.co/oa3lwkRg4DdZtDC0LJGC
495,TID_14502776150706293614,UID_3366076508475044871,"#BreakingNews | #Malayalam Actor Anicka Vikhraman Accuses Ex Anoop Pillai of Assaulting Her, Shares Pics of Bruises

@hhbpFC70g1X6o shares details with @f_vaInUUr8XD https://t.co/7L9iJuVDKF2SBbJQ5-4H"
496,TID_12447619311514232799,UID_17773845777779465334,"कुछ सालों में नौकरी तो क्या... 

         देश में पैर रखने कि भी जगह नहीं मिलेगी 

     👇👇👇

#justice_for_badam_meena https://t.co/ep2p_-H9nzPM4x-iUV31"
497,TID_16457116523939241470,UID_11156911702212360499,"The tolerance, the patience, the wet eyes, and the chants of Mahadeva..

Speechless !!

Shiva Temple in Coimbator 💔 https://t.co/6S6JwGFlh0166XUy1nJd"
498,TID_15464746659829645035,UID_13878387875092933889,"ಬಿಜೆಪಿಯ ಮತ್ತೊಂದು ಫೇಕ್ ವಾಟ್ಸಪ್ ಯುನಿವರ್ಸಿಟಿಯ ಸುಳ್ಳು ಸುದ್ದಿ. 🚨

ಶ್ರೀ ಕುಕ್ಕೆ ಸುಬ್ರಹ್ಮಣ್ಯ ದೇವಸ್ಥಾನಕ್ಕೆ ನೇಮಕವಾಗಿರುವ ಎಇಓ ಏಸುರಾಜ್ ಅವರು ಕ್ರಿಶ್ಚಿಯನ್ ಸಮುದಾಯಕ್ಕೆ ಸೇರಿರುವವರೆಂದು ಸುಳ್ಳು ಸುದ್ದಿಯನ್ನು ಹಬ್ಬಿಸುತ್ತಿದ್ದಾರೆ. 

ಇದು @hhneiEIqk258Xದ ಮತ್ತೊಂದು ಸುಳ್ಳು ಹಬ್ಬಿಸುವ ಸೋಶಿಯಲ್ ಮೀಡಿಯಾ ವಾಟ್ಸಾಪ್ ಫೇಕ್ https://t.co/iS1AGEeUPTd4ow2A3Aju"
499,TID_17929417234393979099,UID_10024567609927183445,"दिल्ली में एक शख्स ने अपने घर की दीवारों पर ""पाकिस्तान जिंदाबाद"" और ""लॉन्ग लिव पाकिस्तान"" के नारे लिख दिए। पुलिस ने आरोपी को कस्टडी में लिया। 

पुलिस ने कहा– ""आरोपी मुस्लिम नहीं है। मानसिक विक्षिप्त लग रहा। पूछताछ चल रही है"" https://t.co/fdb6m8E-OBOJHk~Ci5-i"
500,TID_14274166794319970142,UID_5070357790514789161,"""I don't believe I.N.D.I.A will form the govt"" - DK Shivkumar 😳

He accepted why not others ?? https://t.co/wp1Y8YIKt3C_jW8dbnct"
501,TID_14411761550874426932,UID_9302604607152193774,सोनिया गांधी इटली में डांससर थी ये मैं नहीं कह रहा हूँ सुप्रिया श्रीनेत कह रही है https://t.co/C-CUjeqm-5RRACiZSYBa
502,TID_6281796366509436069,UID_6813543541836860290,Menacer un professeur est inacceptable. J’ai demandé au ministre de l’Éducation nationale et au ministre de l’Intérieur de prendre toutes les mesures pour que ces faits soient punis et définitivement proscrits de nos écoles.
503,TID_13999738730832013724,UID_951473690952212660,Video | Watch actress Waheeda Rahman dance with grace at the age of 85. https://t.co/0UC81o0Rj~E7aWhZkzak
504,TID_14843008231155766239,UID_3097736045445848408,"بھارت میں انتہا پسند ہندو دہشت گردوں کی انسانیت سوز ایک اور کارروائی 

عالمی انسانی حقوق کی تنظیموں اور انسانی حقوق کے نام نہاد علمبرداروں کی ان ظالمانہ کارروائیوں کی مجرمانہ خاموشی اور منافقت کی انتہا https://t.co/CGNk68K3QGRULgKYWzlB"
505,TID_16108604338887029335,UID_5738103343123188275,"जिस बात का डर था वही हो रहा है।

कल इन लोगो ने नई दिल्ली डिस्ट्रिक्ट को घंटो जाम रखा था।

20 मिनट का रास्ते को इन लोगो ने घंटा जाम रखा था।

मज़हबी नारे लगाते महिलाओं को सड़को पर उतारा गया था।

आज हिंदुओ की जन्माष्टमी की शोभा यात्रा तक कैन्सल है तो ये लोग कैसे सड़को पर उतर गये…? https://t.co/1~XkpVC6L2JcuIg3MJwn"
506,TID_12390933315365398316,UID_1149649661436664104,"What is going on here ⁦@f_OSHoNR⁩ 

Why are random boys opening machines and replacing rolls. 

Nothing looks right about this ⁦@qtZ_8wqpBski⁩ 👇🏼 https://t.co/Hl:BZHFdtryb6MDmK4X1"
507,TID_2797536093460393858,UID_11137442593104708908,"बिहार में खेला होने की संभावनाएं बढ़ती जा रही हैं।

आज नीतिश कुमार जी और लालू यादव जी के आवास पर मुलाकात करने पहुंचे।

3-4 दिन के अंदर नीतिश जी और तेजस्वी जी की ये दूसरी मुलाकात है। https://t.co/m_KZ:pL2YEJXFk5R3s:g"
508,TID_15889431237551591224,UID_491398388707419091,He is under contract with India today so he wouldn’t speak to Ndtv anyway !
509,TID_14766893799807713172,UID_12962784540579661611,"ED conducted searches at 24 locations in the Railways Land for Job Scam, resulting in the recovery of unaccounted cash of Rs 1 Crore, foreign currency including US$ 1900, 540 gms gold bullion and more than 1.5 kg of gold jewellery: ED https://t.co/0uhSFb7E0QW6cgmQkV~V"
510,TID_963740994715324640,UID_11739091932644558964,"प्रदेशवासियों को विश्वास दिलाता हूं कि जिस तरह पोक्सो एक्ट के कई प्रकरणों में त्वरित कार्रवाई कर अपराधियों को सजा दिलाई, उसी तरह उदयपुर सहित अन्य मामलों में भी कड़ी कार्रवाई की जाएगी।"
511,TID_14458017679081802656,UID_13113816813205127816,"जरा ध्यान से देखिए!!
कहीं ये वही माननीय मियाँ लांड्र तो नहीं  जिनके लिए सुप्रिम कोठे के moon powder ने सारे सामाजिक नियम बदल कर रख दिए....
अरे ग़ज़ब का मीठा है पाठ शाला....
#अमोघ09062023
इनको देख के आपराधि बार बार अपराध करने के लिए प्रेरित होता होगा..... https://t.co/B:BNmQZG0gBNUWABHoxp"
512,TID_16765910785192908957,UID_6226246978413408709,Imran Khan protest goes global - A large number of Pakistanis are protesting Imran Khan’s arrest in front of Nawaz Sharif’s house in London. https://t.co/BzGTC7ztdbggStR7iqEJ
513,TID_15925673313538785692,UID_6048415683290185998,"भाजपा @tdD4uG5hJ झूठ बोलने में माहिर है। मैंने १९७१ में  कांग्रेस की सदस्यता ली थी। पद के लिए नहीं बल्कि विचारधारा से प्रभावित हो कर जुड़ा था और जीवन की आख़िरी साँस तक कांग्रेस में रहूँगा। 
इस झूठ की मैं पुलिस में शिकायत दर्ज कर रहा हूँ। ⁦@hsNk78ke⁩ ⁦@fSH5zx⁩ https://t.co/GUtoxXx~Gxl6SHncRyuo"
514,TID_5767203304358221314,UID_10084482484125550931,https://t.co/ROQIT3A-2rEkk:PBUhtG
515,TID_16910314162622066513,UID_9164465222277276840,@wRphZWfSfMPp_ 1/2 इस घटना के विरोध में मृतक के परिजनों द्वारा उनके घर पर जनाजे के दौरान विरोध प्रदर्शन के दौरान मांगे की गई थी गई थी। उसी दौरान मृतक के परिजन द्वारा इस तरह का भाषण भी दिया गया था। तत्समय नियमानुसार कार्यवाही की गई थी।
516,TID_16408449347979164740,UID_10525315090857498339,"सरकार का खून ऐसे दृश्यों को देख कर के नहीं खोलता
 यह किसी भी पार्टी किसी भी संगठन का क्यों ना हो इसके ऊपर सख्त से सख्त कार्रवाई हो https://t.co/nqhAu_B0:KwGUhwSuveW"
517,TID_2806157338943135727,UID_230168087096622152,"The Queen died peacefully at Balmoral this afternoon.

The King and The Queen Consort will remain at Balmoral this evening and will return to London tomorrow. https://t.co/yhRxAG8kACuKM3eWsJaB"
518,TID_16975519309854872991,UID_796577350544804935,"This is the wife of the Vice President of Ukraine. She is fighting for her Motherland.

Massive Respect! 🙌🇺🇦❤

#UkraineWar #StandWithUkraine https://t.co/ZgE1E49pHlGaP6c9g-i~"
519,TID_7740499409669015276,UID_12368085028102192773,"A video,showing what can happen when 2 EVs collide.Note that both sides of #freeway have been shut down,there are no fire apparatus present because,once a #lithium #battery ignites, it cannot be easily #extinguished &amp; the fumes are toxic.
⁦@sZ6DTQJ⁩ ⁦@kyp1OWIyc⁩ FYI https://t.co/RIJp-IUMY22i7Im8fw0X"
520,TID_2579385580315145703,UID_14205114812585475472,इस प्यार को मैं क्या नाम दूं??? https://t.co/zmEEdx~jUUjS6DJ8djVU
521,TID_12766735542086387530,UID_12952342431195624003,"विपक्ष ने कर लिया स्वीकार,
तीसरी बार में 400 पार! https://t.co/uzVIY8aB6U6gsHJSJMij"
522,TID_13199630714691269360,UID_14835632773286172188,Best Brahmastra Review 😂👌 https://t.co/CCUydo8j4CvKtsWEJflW
523,TID_17616596898359727179,UID_4415846038316376019,આજરોજ દિલ્હીમાં @u4gXP93MHwc7eA જી ના સપોર્ટમાં લાખો કાર્યકર્તાઓ ઉમટી પડ્યા..! https://t.co/wBjaikxYF87WOYBRBVUl
524,TID_10605537943538832146,UID_7910002507449204530,"Thread🧵

List of celebrities/creators who chose to speak for their own country instead of Palestine

1. Rahul Tewatia https://t.co/2n3dBFqKIlZDWn1Jl~QI"
525,TID_10987900277092077177,UID_1573600688325899716,Modi’s democracy⬇️⬇️. Shambhu/Khanori border. https://t.co/SITpL_s-JgeMHvLib0Vb
526,TID_6523191455363470565,UID_3070312656587798770,ट्रेन के होरन से इनको दिक्कत हो रही थी नमाज पढ़ने में इसलिए पत्थर फेंक रहे हैं  😡 https://t.co/lYIkd:uoENA77e8IN1TW
527,TID_13438550851240739500,UID_214644813850887764,Blood boils 😡😡😡😡 https://t.co/EGH4ZQTFW273tfsuJexE
528,TID_13497637005064254330,UID_1818556515538143771,"VIDEO | ""One of my colleagues pushed me down and saved my life"": First-hand account of the incident by PTI Journalist Pankaj Srivastava, who was on the spot in Prayagraj. https://t.co/CFNY0_vI72HCXO-9P8kQ"
529,TID_7113369996245641470,UID_3664965644779738933,ये हैं वो सभी 28 साधु जिन्होंने बच्चों के जिम्स काट कर किडनी निकाल कार्य उन्हें मार डाला. https://t.co/45dtJBjbwnazQNe22y1E
530,TID_11409420896552731376,UID_6924221805236641664,"लड़की के साथ सरेआम जबरदस्ती करने वाले दो युवक अरेस्ट... वीडियो से हुई पहचान
बाकी की तलाश जारी

बिहार के गया में मगध मेडिकल थाना क्षेत्र के गुलरियाचक गांव में एक लड़की से चार-पांच मनचलों द्वारा अश्लील हरकत करने के वायरल वीडियो मामले में त्वरित कार्रवाई करते हुए पुलिस ने दो https://t.co/l7ldDyrWvgT6izzIfZVs"
531,TID_14919977333376403018,UID_11156911702212360499,"Hindus Celebrating Holi in India 🇮🇳 ( festival of colour)? No, This visual is from a housing society in Dhaka, Bangladesh 🇧🇩on Eid al-Adha / Bakrid 2023 ! https://t.co/2rBwvvM3GB5m77LnnldX"
532,TID_6762958393570272608,UID_12990336403188175064,@kHdUCVWmvrC   @hzDyNjBIc   @c4lgMGTwpPwM  @eNAvBKPHgYUw  @q1gEpedhBMJge ... all these red arrows are Christian church right next to Golden Temple https://t.co/kn_M_fi5tL2v4U2baSWV
533,TID_2044236810840463988,UID_13145170244503254647,"फाइनल मैच के बीच नरेंद्र मोदी स्टेडियम में हनुमान चालीसा का पाठ।

#INDvsAUSfinal https://t.co/qSoG~CFEk7HHPGbalLE_"
534,TID_13856947818059978653,UID_5628233779366326688,Exit poll in AP. 💪 https://t.co/D8~~V:6YnP6NLczBybqB
535,TID_10581224312337169612,UID_13202344203768770526,@w00wt4dkDvH70Fu This is fake news. The situation at Mira Road station is normal.
536,TID_17362748490288089119,UID_9581967438219904243,"We have addressed a letter to the CEO, Election commission to take action appropriate &amp; necessary towards the act of spreading hatred, lies with intention to tarnish image of formal CM of the state Shri Digvijaya Singh Ji.

@xR6EAbTkXCeZMy @rbHJMYcr3Lt_ @cRb6yI4WvI @eLta3 @obBneT https://t.co/wcmND0STjHFaScp0Fo8x"
537,TID_13105905385454764370,UID_4120518444047409308,"Fact check புல்லுருவிகள்லாம் லைன்ல வாங்கடா...👇👇

#CMStalinInUS #MKStalinInUS https://t.co/B:8FUW:AN0s_ub34se_-"
538,TID_12999381711721466648,UID_6527071319150264557,"*GUJ : सूरत के कपड़ा व्यापारी Sekhar Agarwal  के घर से ED ने बरामद किया 2000 और 500 के बंडलों का अंबार, गिनती के लिए मंगाई गई मशीन*

*पहले कांग्रेस मे था... अब आप मे जुड़ गया है*
*चम्मचो मे मची भगदड हुए निराश* https://t.co/370mINu~x0d1BSf~I~JQ"
539,TID_11640368037425174796,UID_10900136712446544504,केरल के इस वीडियो को देखें और दुनिया भर में अभी फॉरवर्ड करें । 6 महीने बाद फॉरवर्ड करने का कोई लाभ नहीं है part -1 https://t.co/qL4FmRywDiKdx9AOnOqz
540,TID_5657201020638604857,UID_5073816043008255837,"इस वीडियो को इतना RT
करो कि ये मुस्लिम सूवर जहां भी हो पकड़ा जाए😡😡 
#ViralVideo 
https://t.co/U93t1swOzQ_Yf0InHeFO https://t.co/Wh-z_hxrdbL-h3CJennp"
541,TID_16682526965430956654,UID_9770952670893428037,अलवर में मुसलमानों ने हिंदुओं को घरों में घुस कर लाठी डंडों से मारा 😴 https://t.co/C3VgAybuQBid58klDpFn
542,TID_12639753036028859812,UID_14511678309306173030,"Huge blast in UP's Bulandshahr, in the house of Mohd. Shafiq, reports @tcTxf_tSdo 

Chemical filled drums recovered from his house. 4 confirmed to be killed.

Police and forensic teams on spot.

#news https://t.co/tZB302N2haOtuI_Gq0Ls"
543,TID_4001861731087411349,UID_18039631475344146688,"The New Parliament Building is still under construction. During Budget Session, the Hon'ble President will address Members of two Houses in the existing Parliament House Building."
544,TID_200998697065622037,UID_5073816043008255837,"ये है ईसाई धर्म गुरु 
देखो इनका ट्रेनिंग भक्ति करने का.... 🙄😂😂😂

हिन्दू और हिन्दू संत के बारे में बहुत ही टिप्पणीया होती है कुछ इनके बारे में भी बोलिये........!! https://t.co/eCYBRZoe3V9U1dOnYUxE"
545,TID_4417656687725671341,UID_17540443514545761816,https://t.co/7cx8h88DAoiwYpibX18e
546,TID_12416666747010406664,UID_13724631457490530087,"Big difference, wouldn't you say https://t.co/lFv3uV0GGkiCrc:JGtYI"
547,TID_14804871368485443375,UID_11476199224535778311,"VVPAT पर्चियां 'सुरक्षित' रखी जा रहीं, जिस तरह #SupremeCourtOfIndia ने अपना फैसला 'सुरक्षित' रखा हुआ??

ये कौन लोग हैं और बिना गिनती किए पर्चियों को इस तरह सील किए बिना खुले में कहां ले जा रहे? इसका जवाब @f_OSHoNR यहां देगा या अदालत में?

#VVPAT_Slips_Scam 
#EVM_मशीन_मुर्दाबाद https://t.co/Y2GzVKO:H_Zud0tSmxc_"
548,TID_1740233069200111062,UID_1503599941270031281,This gold medal is true testament that dreams come true irrespective of circumstances. Way to go Jyothi Yaraaji 🥇 🇮🇳 https://t.co/Gpmt0qVxN_3zqeCz9ah_
549,TID_13799890762522908400,UID_6412838074856162205,"क्या आप जानते हैं.......????

#महात्मा_गांधी कभी #ब्रिटिश_आर्मी में #सार्जेंट_मेजर थे
और
उन्हें ब्रिटिश सेना में शानदार काम करने के लिए दो #पदक भी मिले थे?? https://t.co/-GN54w:m0xg-_~y_dlWT"
550,TID_11592807582104047195,UID_11157387917865146869,"Why Channi Led Punjab Congress Government Not Arrested Those Who Raised Slogans Of Khalistan Zindabad Yesterday ? 

Shame On Congress!

#PresidentRuleInPunjab 

https://t.co/zCrRp-38qRkQwtxwI2wv"
551,TID_1807323161779582910,UID_11846140559357633334,"This photograph was clicked by a Australian Tourist in Colva beach, South Goa &amp; it's a 'message to entire Planet Earth by mother Nature'. 🏞️

RT and share it maximum !! https://t.co/WLoCQLr7yIvc9Q:wI7Nq"
552,TID_7682992940843307501,UID_7997381738838165742,"पत्थर फेंकने वाली महिलाओं की विदाई रस्म..

🙏🚩🙏 https://t.co/6FWvJ5~8m~XZ6qaSK-ls"
553,TID_893558686195438367,UID_4238291107580547842,मुगलसराय से सोनू किन्नर की जीत के बजाय भाजपा प्रत्याशी को जिताने के लिए सोनू किन्नर को 138 वोटों से हारा दिखा कर और प्रशासन ने भाजपा प्रत्याशी मालती देवी की जीत की घोषणा कर दी।जिससे सारे किन्नर रिकाउंटिंग की मांग करने लगे रिकाउंटिंग में सोनू किन्नर 397 वोट से विजयी घोषित किया गया https://t.co/cv6Wx4RbM17iozk7iPb5
554,TID_9274727678645584271,UID_9300559018238353728,"बिहार के निर्वाचित जनप्रतिनिधि जनता के प्रतिनिधि हैं, बिहार के प्रवक्ता होते हैं, तमिलनाडु के डीजीपी के प्रवक्ता न बनें।

बिहारी आवाम के हक़-हक़ूक़, मान-सम्मान, जान-माल की रक्षा करने का माद्दा हो तो पद पर रहें अन्यथा, इस्तीफ़ा दें।

जमुई धधौर के पवन यादव की पत्नी को जवाब दो? https://t.co/TRSex~b5Y~Zc6n0ciYX4"
555,TID_7252444040213773237,UID_13827101875051926207,"A very tragic incident of bomb blast in D I khan today. 5 lost and 21 injured. This evening visited at hospital to share the their pains.
This dollar war which is imposed on us by sick minded generals.
#StopStateTerrorism
#StopPakiMafia https://t.co/6l2yW0N3Wppa:6DuJi94"
556,TID_15476833560767199080,UID_8485426947407739247,The war room that we created in Karnataka was able to give very valuable contributions to the Party https://t.co/M2FigS5AHLccHYa68-pU
557,TID_11321348098020369251,UID_18321797265837355402,https://t.co/OuvVY4J7as~e1SlY:4SA
558,TID_5291312187669678351,UID_10710102527680200904,"जटायु का झुंड पहुंचा अयोध्या
विलुप्त गिद्ध कहाॅं से आये अयोध्याजी?

चमत्कार या संयोग ।
🔥🔥🚩

जो हो रहा है सचमुच अद्भुत ही हो रहा है और जिसने अपने जीवन काल में यह सब देख लिया उसका परम सौभाग्य ही कहा जायेगा

""अयोध्या"" में दिखाई दे रहा गिद्धों का झुंड

लोग बोले रहे हैं कि राम https://t.co/Dlc:dLSpq8IQ6mT3sA:O"
559,TID_5695997528144475012,UID_214079171071510622,Desmentimos rotundamente la emisión de cualquier fallo judicial contra cualquier deportista internacional en Irán. Es motivo de preocupación que la publicación de noticias tan infundadas pueda eclipsar los crímenes de lesa humanidad y los crímenes de guerra contra la oprimida https://t.co/6XW6nbzytUJ8:gLCRQvX
560,TID_2152236793577964673,UID_11543042544322571683,"Success has many fathers. Failure is an orphan.

Here is CPI(M) and BJP trying to take credit for a project fully funded by Kerala State, which was one of many infrastructure projects initiated by Late Sri. Oomen Chandy.

This project was conceived by the first Oomen Chandy Govt https://t.co/cEcc~dHkNMyb8eFPTyGU"
561,TID_17530634138969321388,UID_3357719625991924194,"मध्यप्रदेश में कांग्रेस का बड़ा विकेट गिरा,दिग्गी राजा हिट विकेट आउट https://t.co/nfYmvj0QSW8q7wu:iuYK"
562,TID_9948582342955095477,UID_12239459095082072327,"Kukke Subramanya is one of the most powerful, most visited temples in the southern part of the country, not just karnataka. 
Devotees spend a good amount of time and money for various sevas there.
What is the motive of the state govt to  appoint a person of different faith as"
563,TID_14828586098807032042,UID_6821289688956454605,@jo6QO_7G2uU My friends recently went to Kerala. They came back and told me - no need at all to go there. Almost on the brink of becoming an Islamic state. Only the fear of Indian army is keeping them from openly declaring it. Most temples in ruins or in shabby condition (not repaired after
564,TID_5400219883415123335,UID_5245198821381064634,"कतिपय ट्विटर हैंडल एवं सोशल मीडिया के माध्यम से यह असत्य/भ्रामक खबर सार्वजनिक रुप से प्रसारित की जा रही है कि अयोध्या में राम मंदिर समारोह के दौरान फूल फेंकने पर दलित लड़के विष्णु को आयोजको ने पीटा।
#ayodhyapolice इस असत्य एवं भ्रामक खबर का खण्डन करती है। 
https://t.co/dwd2:C-_hb1VwAkHeB1g https://t.co/Lw2d:ZvUZ:BXzUhjEYRy"
565,TID_11782200413367782900,UID_13086019429289440165,*लो भाई उतर गया बुखार* https://t.co/jujcVj9~ju0SGVBTN9yC
566,TID_10154323171952282242,UID_12672160100992911752,"बाबा केदारनाथ धाम में श्रद्धालुओं को लेकर जा रहे हेलीकॉप्टर क्रैश में कई लोगों के हताहत होने की खबर बेहद कष्टदायी है। 

इस हादसे में जान गंवाने वाले सभी लोगों के परिवारजनों के प्रति गहरी संवेदना व्यक्त करता हूं। ईश्वर सभी को संबल प्रदान करे।  
#Kedarnath #HelicopterCrash https://t.co/93hFjAF55nMxtGWEN:HU"
567,TID_8228284317984192642,UID_16798991016793159190,Singh: No source said anything (to media). I am arguing in court.
568,TID_1768454627375477110,UID_1090406016431067805,हमारे अन्नदाताओं का आशीर्वाद और दुआएँ जो थी इन सबके साथ..  😊🇮🇳👍
569,TID_3074295248108880353,UID_898598248193751560,"हिंदुओं इस वीडियो को ज्यादा से ज्यादा री ट्वीट करो जिससे मोदी सरकार योगी जी तक यह वीडियो पहुंच जाए,सरकार को अगर इन जिहादि से निपटना है तो हम हिंदू इनसे निपटने के लिए सैनिक के साथ कंधे से कंधा मिलाकर साथ देने को तैयार हैं  जिहादी को हम देश से भागा कर देश में शांति चाहते।@hqud79fa https://t.co/mWatKCKBoQpw75zJTBKg"
570,TID_8314348909860131305,UID_1829666063907418566,"@onSWeHWk1_56B ಸುದ್ದಿಯ ಸತ್ಯಾಸತ್ಯತೆಯನ್ನು ತಿಳಿದುಕೊಳ್ಳುವ  ತಾಳ್ಮೆ ಇಲ್ಲವೇ ? ಅಷ್ಟೊಂದು ಆತುರ ಏಕೆ. ಇದು ಕೊಡಗು ಜಿಲ್ಲೆ ಶನಿವಾರಸಂತೆಯಲ್ಲಿ 2021 ರಲ್ಲಿ ದಾಖಲಾದ ಪ್ರಕರಣ ಮತ್ತು ನ್ಯಾಯಲಯದಲ್ಲಿ ಇದೆ. ಸುಳ್ಳು ಸುದ್ದಿಯನ್ನು ಸತ್ಯ ವೆಂದು ಬಿಂಬಿಸುವ ನಿಮ್ಮ ಮೇಲೆ ಏಕೆ ಕ್ರಮ ಕೈಗೊಳ್ಳಬಾರದು https://t.co/5vqo0NKVn_TN-9a9T0kM
https://t.co/zKPde8:ywIb-2Jvz_6ht"
571,TID_9825420312104742175,UID_15695308596826891447,"Lucknow, UP: Several Muslim women gathered outside the Congress office this morning at 8 : 00 AM. They had gathered to demand the fulfillment of Rahul Gandhi's pre-election announcement to provide women with a monthly stipend of 8,500 rupees. 

""We came here because we were https://t.co/ePVJuuk_bbhnmd0AL2jf"
572,TID_2333430096391787589,UID_7183191481808678996,"We realise that there’s a lot of interest in the results of the @usPPHMnTKF Axis My India exit poll. But please be certain that any ‘poll’ you see before 6:30 pm on June 1 is fake. It’s good to have so much buzz around our poll, but we don’t want that there be any confusion as a https://t.co/NYxnmJ0kt~vds-sn5EX0"
573,TID_3927880882333257609,UID_4212824311564544902,भाई ने तो EVM के कर डाले टुकड़े टुकड़े गुस्से में दिमाग खराब मोदी जी के चक्कर में https://t.co/vV-jzrGoNe5Xlq7IMneK
574,TID_4197395867518778202,UID_16253487389105587502,"""#SSPBareilly की जनपद वासियों से अपील""
जनपद बरेली के विभिन्न क्षेत्रों में बच्चा चोरी होने संबंधी फैल रही अफवाहों के खण्ड़न एवं बिथरी चैनपुर पर प्राप्त तहरीर की जांच में वीडियो फुटेज से बच्चे की अपहरण की बात नहीं पायी गयी है, उक्त के सम्बन्ध में .@nCQBe6M_z3Na की बाइट।
#UPPolice https://t.co/Fy8_I20Z0cOB0t9-7rfT"
575,TID_902294883620431385,UID_10056035597379298500,"One of the saddest things you'll see: #MahsaAmini's father dancing for his 22 year old daughter at her grave. She insisted he promise to dance on her wedding. He's keeping his promise.

#IranProtests2022 #IranRevolution
https://t.co/ONyjMWY~G9lUNFvbGkNy"
576,TID_2567852609212724700,UID_4027659185572408367,"@jrT33rEXe4OtFDU This video is of 26 Dec 2021  from a Bike March in Remembrance of Chhote Sahibzade in Sirhind Punjab, not in ferozpur. Stop Defaming Punjab and Sikhs https://t.co/e27Ct-2Gqj5SLWqbFSsR"
577,TID_5847400921543002247,UID_13086019429289440165,"*यह मदरसा छाप नमाज़ पढ़ने के लिये खंभे पे चढ़ा था*

*देवबंद के मौलवी मदनी ने इसे तकरीर में बताया* 

*जितना उंचाइ से नमाज पड़ोगे खुदा उतनी जल्दी सुनेगा*

*काश ये बात सुबह सुबह अज़ान देने वाले मुल्ले भी समझ जातै* https://t.co/L7_oQhNYNKBHCMc455ym"
578,TID_257649942890965623,UID_204983861865975034,"Time that our judiciary stop being lenient and start giving death sentences for such brutal acts!
Why show humanity to an inhuman monster?! 
Also the accuse is parsi not muslim but irrespective of that stop making everything about religion!"
579,TID_966186116717071031,UID_6964523502058136476,"मेवात में जिहादी झुंड के सामने लाचार हरियाना पुलिस ने मुकेश कुमार को गिरफ़्तार करने पर मेरे कुछ प्रश्न। #ReleaseMukeshKumar 

१- मुकेश जी जैसे वरिष्ठ पत्रकार को गुरुग्राम पुलिस ने गुंडों की तरह कैसे उठाया ? 

२- गिरफ्तार करने पुलिस यूनिफ़ॉर्म में क्यों नहीं गई ? 

३- मेवात के"
580,TID_17518270103247054062,UID_6571998825717412031,बुलंदशहर में ज्वेलरी शॉप लूट के आरोपी अब्दुल को खुर्जा पुलिस ने किया ढेर। https://t.co/YxrKqjkh_2IVzYlk7b5_
581,TID_17198369036006580310,UID_6202682668547786671,"Ayodhya, Uttar Pradesh | A truck full of firecrackers, on the way for fireworks at the time of consecration of Ram temple, caught fire; fireworks went on for hours

Video Source: X

#RamMandirPranPratishta #Ayodhya #RamMandir https://t.co/OSO3C8Nxk1b9VAf9QJBH"
582,TID_3053190029808256133,UID_6256196056916100073,"@hsNk78ke @g0BGdHlVmC5KVg5 हिजाब अधिकारों की लड़ाई लड़ने वाली ये लड़की 'मुस्कान' याद है? 

वह अब लंदन में है।

कर्नाटक में भाजपा के विरोध के बाद करियर और जीवन सेट!

सरकार बदली, काम हुआ, टूलकिट पूरा।
अब इसे लंदन में हिजाब नहीं चाहिए , सिर्फ स्कूल में ही चाहिए था?? https://t.co/Qvklbt-IahSqNtGOWDHC"
583,TID_13331847144796305455,UID_5024374222902652665,"मोदी सरकार, अबकी बार 400 पार: कांग्रेस अध्यक्ष https://t.co/xyna-ykTm7FAmZHHgDky"
584,TID_5029453259286650959,UID_6166060503655546234,मोदी जी का गारंटी - आएगा तो मोदी ही
585,TID_13214760805552715433,UID_756302643679591788,"عاجل
مجزرة المعمداني . صاروخ حماس نفسه إطلاق فاشل سقط على رؤوس الأبرياء.
هناك صور واقمار تصور لا تحاولوا الكذب. https://t.co/2rNMm7HeTFH:5Qsvm0O4"
586,TID_6614832782935978549,UID_10096482933887008565,@l9Ayu73yg See this video. I don't need your recommendation for any kind of job. https://t.co/gX41EyhWSrfn3HPuiCo2
587,TID_5853739256916103055,UID_9184860740791100576,"Image permanently imprinted on the surface of Moon today onward as Tyres of rover has this imprint, as there is no air on moon hence these marks will be forever. https://t.co/LuCQFli6UH9tAsKPoQuN"
588,TID_16876080544385485585,UID_6667947571825593006,"🚆 Vande Bharat, Amrit Bharat और Namo Bharat trains की त्रिवेणी! https://t.co/Nu::wBc:XiKeX1mQ8VmW"
589,TID_8402646513926331079,UID_751833550414163245,"Celebrations will continue like this for some time &amp; who else can celebrate more than the war room guys ??? It’s your day guys enjoy ❤️🔥

#KarnatakaElectionResults https://t.co/SuxbW0HFJ269apbnpAHq"
590,TID_2723493868629638878,UID_7302756462405150452,"After huge protest, Tamil Nadu govt stops the demolition of 200-year-old Shiv temple.
The 200-year-old temple, spread over an area of 4,000 square feet is situated in Coimbatore Corporation’s 7th ward -Goldevins, Duraiswamy Nager, Ramalakshmi Nagar region.
year-2022 https://t.co/:fs3eNYXGnCF_FNM0Hxa"
591,TID_12382530916692681232,UID_16371204876076456164,बेंगलुरु में एक पॉपकॉर्न स्टॉल के शांतिप्रिय मालिक को नमक की जगह पेशाब से पॉपकॉर्न बनाते रंगे हाथों पकड़ा गया! https://t.co/ezK5YGy4jPOW1SDdsd98
592,TID_10308161349954349764,UID_16832112123385225811,"दामाद ने दहेज में मांगी मोटरसाइकिल, ससुर ने सबके सामने चप्पल से सूत दिया , Video वायरल | https://t.co/NtnKdNfZCAEJ60xVsl-m"
593,TID_13802592084971778709,UID_16463164868914367926,"Lionel Messi hugging Antonia Farías, the head cook of the Argentina national team.
https://t.co/01n82XeuXWSOn_3MDs2m"
594,TID_4007610167223630469,UID_8884657679344064562,सरकार का खून ऐसे दृश्यों को देख कर के नहीं खोलता https://t.co/IOGs3RoFhHL4O-myeK-l
595,TID_10865418787283405789,UID_6200822895972596244,"The hooliganism displayed by Punjab CM Bhagwant Mann is only a revelation of his true personality.

Punjabis are known for their rich culture, grace &amp; social skills. Punjab definitely doesn't deserve this embarrassment!! https://t.co/oUJjJS16xoIdn:2KQr7g"
596,TID_5590341755446782372,UID_13239459514569807484,"@m79rGrOpvbIDuP हिजाब अधिकारों की लड़ाई लड़ने वाली ये लड़की 'मुस्कान' याद है?  वह अब लंदन में है।  कर्नाटक में भाजपा के विरोध के बाद करियर और जीवन सेट!  सरकार बदली, काम हुआ, टूलकिट पूरा। @s2aKN7KdoQ
पूरी जिन्दगी it cell में भा ज पा प्रचार करने वाले दरी बिछाते मिल जाते हैं https://t.co/QhjokMQsM6PXb8amL-N3"
597,TID_8373418541011572622,UID_11571200218323982925,"बागपतथाना सिघावली छेत्र :

अमीनगर सराय में पाकिस्तान का झंडा लहरा रहे अराजक तत्वों को स्थानीय लोगो ने पकड़ा 

पुलिस के हवाले कर दिया ✨🔥🤨 https://t.co/4KVdbvgrnRk4kCR2pSLS"
598,TID_9198444417281194100,UID_14383407112143304814,🚨🇱🇧🇺🇸 Hezbollah published footage of their anti-ship missiles as US carrier groups sit in the Eastern Mediterranean. https://t.co/udL1oT6F6fa6Rwkcp4A2
599,TID_15511650319172441341,UID_14343644341069878234,"LG ने दिल्ली की मुफ़्त बिजली रोकी‼️

46 लाख परिवारों, किसानों, वकीलों और 1984 दंगा पीड़ितों को FREE Bijli मिलनी बंद हो जाएगी

Delhi Govt की बिजली Subsidy की File LG लेकर बैठ गए हैं

Tata, BSES ने चिट्ठी लिखी—उनके पास सब्सिडी की सूचना नहीं आई तो वो Billing शुरू करेंगे

—@f_hMmDNVc https://t.co/tvduF7XE4bhptcAM2pL5"
600,TID_13703267565045124410,UID_5713772265755073021,पहला प्यार कभी भुलाया नहीं जाता इन्हें भी पता हैं की कांग्रेस से गद्दारी करकर इन्होंने अपने पूर्वजों का भी अपमान किया हैं और BJ पार्टी में इनकी कोई इज्ज्त नहीं हैं @x20OybYcE2c @f0OSwCMjEY4AcB @bgduIEsBbIfYLTS @chaetkgIl0 @vzYDIkWxGky @jI_9U9hoK https://t.co/R-ZS5zNT~kZNdNI4jc_~
601,TID_3902061981429923105,UID_2104874372015830041,"@jm1L20 This Holi video in Delhi Metro is not a fake or deepfake video 

Here is the high resolution video and the original link :  https://t.co/_W4CMx5ii5rWx~cW5S:S

#DelhiMetro https://t.co/Y1:8d9ex~fsixoa6I-Y~"
602,TID_10684606730237964260,UID_4813594634238647986,UPDATE | #Kolkata: #ED raids underway at a businessman's premises in connection with a money laundering case. Over 50 crores cash recovered and being counted by ED officials during the searches in Kolkata related to mobile gaming app fraud case. Counting is still on. https://t.co/wA2In537niQx4wZJJ6Kg
603,TID_15766251593524106289,UID_8020498135571319065,"@rgUvR3Zg0S @xi3HfFPH4yoP Dear Anand,

Clarification: The audio in the referred clip does NOT belong to Dr Jamshed J Irani, Former Managing Director, Tata Steel.

Request you to refrain from propagating false/fake news. Seek your cooperation.

Regards,
Team Tata Steel
https://t.co/YKEvRLfhaeigJo~b4cqA"
604,TID_6295934295404024252,UID_7308845644555975993,50+15 = 73 😎 https://t.co/qGWwkIvJ4j3ZWcruO83n
605,TID_3298846368886588419,UID_3573498313935219135,"First, Islamic Jihad launches a failed missile at Israel that hits the Palestinian population in Jabaliya and kills children, and then they release a reports accusing the IDF of killing those same children they killed!
Share the truth! https://t.co/G6The:H92_AmxSJlHwLq"
606,TID_6153478449194000983,UID_10967532738848815324,"#Ronaldo could be given 99 lashes for kissing an Iranian fan

In September, during a visit to Iran, Ronaldo met his fan Fatima, a disabled girl, hugged and kissed her, which is 'HARAM' as per Islamic #Sharia Law

If Ronaldo ever returns to Iran, he will be arrested, get 99 lashes https://t.co/jjgUJ6fxjokTNuN8bZyk"
607,TID_2581484778388890186,UID_14356395013270516188,पहचानते तो होंगे आप लोग? https://t.co/hkcFfR1Uvd9gbHpd2aEd
608,TID_9757065767807179203,UID_6964523502058136476,"रेलवे यह कैसे सहन करता है  रेल मंत्री @fUAv5wnxkvv67Im ji ? 
@sBgUllRpcMPa https://t.co/OfM5jXLzXQE60yXl8oXS"
609,TID_7609049615316167115,UID_2599309733104865846,शब्दो की मर्यादा 😂😂 https://t.co/xi-pA7~xyiq-SWQQSjWM
610,TID_4830838906116596986,UID_13164424049458222549,केदारनाथ यात्रा पैदल मार्ग पर श्रद्धालुओं के साथ मारपीट व अभद्रता होने पर कोतवाली सोनप्रयाग में अभियोग पंजीकृत कर सख्त कार्यवाही की गयी है। घोड़ा संचालकों के लाईसेन्स निरस्तीकरण की कार्यवाही की गयी है। https://t.co/ZnaTN0qRuZSUlm5F8eq0
611,TID_12516261858593833819,UID_9033555209900360649,"Teri yaadein aati hai
Teri yaadein aati hai
Teri yaadein aati hai
Kuchh baatein aati hai

 https://t.co/W_I8wLD0Bvlh7IyPnYyI"
612,TID_17253047964496245015,UID_16309058773424688532,"I'm finally done!
#megalodon #meg #animation #digitalart #CGI #3D https://t.co/mAfumJIUcXRKxot:p78I"
613,TID_10199053332991995155,UID_16371204876076456164,"चीन में सार्वजनिक स्थानों पर नमाज़, और धार्मिक आचरण की अनुमति नहीं है।

चीन में सार्वजनिक जगह पर नमाज़ अदा करते उइगुर मुस्लिम की क्रूरतापूर्वक दूसरे समुदाय के व्यक्ति द्वारा पिटाई की गई। https://t.co/S:OnPU2tJs-pQFbc7eqR"
614,TID_16595965854270347416,UID_6882133881035999448,"It is falsely reported that the education department of the Karnataka state government has issued guidelines regarding dress code for Anganwadi cooking staff &amp; has asked women not to wear bangles.

The fact is - the Central government has issued guidelines for PM POSHAN scheme, https://t.co/ZwBLtyGJ-1ljSzaW4o0b"
615,TID_13276356233373280553,UID_14082160998700892758,"@bBeMrXlA0UGSDIa Yes Ashish.
funny thing is ppl have asked me to provide the original paper😅😅 https://t.co/OqB1Nu44~5kpIFP_lscP"
616,TID_2233263575603028938,UID_6139970645865591919,"Fake News Alert - 

Several people are circulating fake video in which three accused of Atiq’s murder are chanting Jai Shri Ram slogans. 

NO SLOGANS WERE RAISED. 
BEWARE"
617,TID_15443972117074177961,UID_18252975309200448494,ज़रूर किसी गंभीर विषय पर आपात बैठक बुलाई गई है 😅 https://t.co/olfHy7p62T1mQHLtifiz
618,TID_7193704953147235361,UID_8904271084729697527,"Sunday comedy by ...... 😂😂

""Mahatma Gandhi kehte the 
SATTA ke raste ko kabhi mat chhodo"" https://t.co/YRLRHsi2Ffdgj1ZvszA-"
619,TID_1956490455655427845,UID_1177367443680831391,"🇦🇺#Australia

Video of children in Australia being taught how to pray in a mosque is going viral

Furiously parents accuse the school of brainwashing and Islamizing their children

“Would muslim parents want thier children to visit a Church and pray to Christ?”, asked one parent https://t.co/v5suxEgzFnZuifDuKqpS"
620,TID_13048062412915491959,UID_13373129952565137124,"Consul General H.E. Salem Alshamsi &amp; Diplomats hosted a ceremony to honor UAE citizen, Marjan Faraidooni who is the first Emirati woman to participate in the annual #BostonMarathon. #bostonstrong #yearoftolerance #mofauae #uaeinboston
@sXSft8jr04 https://t.co/0uhRBrkp9pW2G6vOmtS3"
621,TID_2141679585557367731,UID_6463014434904896034,https://t.co/Cu_JHYNp_ju0cx8Ta_Li
622,TID_4689375193634775107,UID_214644813850887764,"Big news from Shimla : 35 MusIim vendors had the same Aadhar card details and all of them are outsiders. They came to HP recently in the name of doing business.

First illegal Mosques &amp; now this, it's a big conspiracy to change the demography of Devbhoomi Himachal Pradesh... https://t.co/HFOVD1xb~Tnvy-4NjxGB"
623,TID_13654904950729756544,UID_641096906784538516,सोशल मीडिया पर युवक से मारपीट का वायरल वीडियो का मेरठ पुलिस द्वारा #खण्डनः #UPPolice #MeerutPolice https://t.co/3Ew5eOkCOK72QnGGwWAp
624,TID_1316635799154463795,UID_12962784540579661611,"#WATCH | Uttar Pradesh: Actor Ranveer Singh says, ""I cannot express in words the experience that I have had today. Life long I have been a devotee of lord Shiva and I have come here for the first time..."" https://t.co/N_kN0fYEwfNvJsgf5015"
625,TID_15824886431619322945,UID_16923879064269548950,"हिजाब अधिकारों की लड़ाई लड़ने वाली ये लड़की 'मुस्कान' याद है?  वह अब लंदन में है।  कर्नाटक में भाजपा के विरोध के बाद करियर और जीवन सेट!  सरकार बदली, काम हुआ, टूलकिट पूरा। @nHJ9pqMAn2s3 @mNh_eZHAsCjqW @h44kT2BOVBObYH @wfwFJgdGMaQqRKY @fHNb8ubJny81t #hizab #deprem https://t.co/6QW-tXzdP_rSTvmCtJxz"
626,TID_18355359235566027564,UID_16150896277873431214,"दिल्ली की गलियों में स्कूल के बच्चे 🤣🤣..... केजरीवाल, अब तो आँखें खोलो! https://t.co/6jziz--h4w2TAK_x98za"
627,TID_5305745285569979562,UID_890204467330510278,"हाथमे तलवार लेकर दिल्ली पुलिस की रक्षा करते धर्मरक्षक..
@cu1KPOMJEWo https://t.co/lLUcYXRvotthP6~X-o7h"
628,TID_6342546741845890802,UID_15772762166037211664,Hamas executes people by throwing them off a roof of a building... https://t.co/6rA_04aT02vpLi_zu331
629,TID_8807475627454783924,UID_10213090224561297478,Heartiest congratulations to Yaraaji from Andhra Pradesh for winning the Gold for 100mts hurdles at the Asian Games 🇮🇳🥇 https://t.co/d4IwWmfFZieCQGfpMpxS
630,TID_2937333855143465630,UID_854341744954995497,"ये पेरिस की “सड़क” है ! 
कुछ वर्षों में पेरिस में “जिहादियों” की आबादी लगातार बढ़ रही है । अपने देश में भी जिहादीयों की आबादी लगातार बढ़ रही है । 
इसलिए जनसंख्या नियंत्रण क़ानून ज़रूरी है । https://t.co/zwgV4GWKNMb_lPDpOGG8"
631,TID_10152379194038965206,UID_9770952670893428037,शहबाज शरीफ ने  गायत्री मंत्र के साथ पाकिस्तान के प्रधानमंत्री पद की शपथ ली https://t.co/G9C8k0WJfwoP8~7Zps9A
632,TID_12812563387873171987,UID_8460252251041754954,"Giving credit where its due, thank you GoI for not yielding to international pressure and saving us! https://t.co/JQqJT-Vz-3a67C:t7ELI"
633,TID_18335241475510458045,UID_2004643303930154602,"Fake news alert! An edited picture of a colourful train is circulating in social media with a claim that is from a railway station in Kerala. The claim is false. The train in the image is from Kyoto, Japan. Do not fall for fake news! @oM7ylocmkf @sBgUllRpcMPa @rmDUcnJ1bpuu https://t.co/-Al8hGOULQC~T6iZQL4a"
634,TID_14350327895251452472,UID_13066968564854404670,"मोटा भाई तो खुल्लेआम पेलते हैं 
मुख्तार अंसारी से किसने मुक्ति दिलाई वो आप मोटा भाई से सुनिए😂😂 https://t.co/YupAn0WhCeZ6bmGdio-O"
635,TID_8159879780979295731,UID_14723078837258878925,"नवादा वार्ड 114 में भाजपा की शानदार रैली चल रही है। आराम से, धक्का मुक्की मत करो। सबको मिलेगा। बहुत शराब है भाजपा के पास! https://t.co/DYI1nnYRsq-TiT6VZ21R"
636,TID_2123525078379146659,UID_6095248299598248070,"*पश्चिम बंगाल*
*दिल दहला देने वाला दृश्य*
*मुस्लिम युवकों द्वारा*

*दलित हिन्दू बच्चियों के साथ*
*ये प्रतिदिन हो रहा है*

*कल ये आपके शहर, राज्य या गली मोहल्लो भी हो सकता है*

*ये रुक भी सकता है*
*अगर सत्ता, योगीजी, हेमंत बिस्वा*
*जैसे मज़बूत नेताओं के हाथों में हो* https://t.co/DKw~6-f2N4zxSLFmqJIT"
637,TID_5556022356654306483,UID_17056496713821482823,"😂😅🤣 #Lügenpresse

Wow❗️❗️❗️

Dieselbe Person, die von den Taliban in Afghanistan ""hingerichtet"" wurde,
ist auch das erste amerikanische Todesopfer in der ""Ukraine-Krise"". https://t.co/cuk9a:WdNh~HLtbaisoD"
638,TID_4962430194768952246,UID_12596001136148793009,"कच्छ के मकेश्वर महादेव मंदिर को आतंकवादी चरमपंथियों ने लूटा जिसमें तीन नाम शामिल हैं  मोहम्मद, युसूफ, और रजाक
 जागो हिन्दू, जागो, जब आपके घर पर आतंकी कब्ज़ा कर लेंगे, तब तक बहुत देर हो चुकी होगी, समय से जागो..!!
🚩🔱🙏हर हर महादेव 🙏🔱🚩
 सीसीटीवी फुटेज👇
                      👇 https://t.co/uzhhcS5:PTbGmJG4lA7m"
639,TID_4080458567359302654,UID_14162965368956066158,"This scene is Sweden.

Where hardcorer is rioting on the streets in support of Hamas’ terrorists.

These jihadists attacked the police together and are also running away with the police van.

Their entire world has only one motive to fight and kill non-Muslims.
#Isarael https://t.co/Nm0Bj8zvzFRBBdlMUH_3"
640,TID_8928325393740258214,UID_8369359214125392813,"राष्ट्रीय स्वयंसेवक संघ के परम पूज्य सरसंघचालक मा. @etc7R10RiMXr5P जी से आज जन्मदिवस के अवसर पर आत्मीय भेंट करके आशीर्वाद लिया।आपका स्नेह, सहयोग, मार्गदर्शन, सदैव कर्तव्य पथ पर चलते हुए माँ भारती की निरंतर सेवा करने की प्रेरणा देता है। https://t.co/m_hOFabkt~qayQiDg7r6"
641,TID_3219679478969673253,UID_11717028860297011254,"In Pakistan, parents are now putting PADLOCKS on the graves of their dead daughters to prevent them from being dug up and raped.

Western countries have to stop importing millions of men like this, who don’t possess the intellectual capacity to understand that rape is wrong. https://t.co/k_DO8EZcMIzUpdWk3vf7"
642,TID_16778259771484953439,UID_9587311420792537937,"दिल्ली में केंद्रीय पीडब्ल्यूडी के इंजीनियर के घर छापा,19 पानी के पाईप काटकर 13 करोड़ बरामद। https://t.co/1mpSgeax_Fetuy9mEJnA"
643,TID_16491947490568545402,UID_9288417665342299636,"Landslide Victory In Gujarat. 
Scene From One Of The Strong Rooms In That State
Bhavnagar Constituency. https://t.co/wfDeKcMhxHzMv-AZQbxC"
644,TID_5781095463366635812,UID_1355151931681323353,@x4E9ZGPzXWlOmc के शो #विनिंगफैक्टर की ये क्लिप ज़बरदस्त वायरल है।अब @bquC15gXv6bL ने भी इसे ट्वीट किया है। Well done @rhVG8dxm_2XJFwU जिन्होंने पूरे यूपी की ख़ाक छानी है और हर फ़ैक्टर की एक्चुअल रिपोर्ट भेजी है।
645,TID_10999708864813994455,UID_4334598369170300678,This is how she treated our kids https://t.co/p3J1C_l46uMgeEaMqN1V
646,TID_7030149697947366725,UID_4231972870895237565,"*शासन दमदार 💪💪🏼हो तो!!*

*""अच्छे- अच्छों"" में बदलाव आता है!!*

     जय हो योगी महराज की 
@lHpBcznqBTSf0aQ https://t.co/JXG90BkLeMEfovcFskb3"
647,TID_4827324544617540343,UID_10171680352097382638,Borivali East https://t.co/-GLeWRd3SMyT4aE953Eq
648,TID_15877290392840933739,UID_4074604660780102114,"लंका को हनुमान जी ने नहीं जलाया था - @gpmiLJTnZT5

यह कौन सी रामायण पढ़ कर आया है ? https://t.co/H77wc:OZK_zLc:G0F-uY"
649,TID_8193469625441747568,UID_5915369789867555839,"◆ मेरठ में तीन साधुओं को बच्चा चोरी और नकली साधु समझकर डंडों से बुरी तरह पीटा गया!

◆ पुलिस ने मौके पर पहुंचकर तीनों साधुओं को हिरासत में लिया। पूछताछ में पता चला कि ये तीनों साधु हरियाणा के यमुनानगर के निवासी हैं और भीख मांगते हैं!

#meerut #UttarPradesh https://t.co/J3_HhzWuUl39L8CDtRmT"
650,TID_10036282518135987515,UID_14978137642234802846,"Himachal Pradesh: If Hindus will not wake up today, they will not have place, state or country to wake up tomorrow!  46 Muslims born on the same date 01/01 were found in Gumma Kotkhai, a small town in Shimla district. 

As part of a big conspiracy, they are entering the hills by https://t.co/8ySG0acelkbZa_-LzIw9"
651,TID_11031818485956107734,UID_16371204876076456164,"मेरठ 

हिंदू लड़की को एक मुस्लिम लड़के के साथ उसके कमरे में पकड़ा गया. हिंदू संगठन इसे लव जिहाद कह रहे हैं। लड़की के परिवार ने पुलिस को बताया कि मुस्लिम लड़का बार-बार उनकी बेटी को फोटो वायरल करने की धमकी देता था. https://t.co/QAwuXsblwt8q:OF~-DiG"
652,TID_2415680377069050866,UID_5389921903261321647,"@qCSqRXbFJ65 साधु संतों के साथ किसी भी प्रकार की अभद्रता को बर्दाश्त नहीं किया जायेगा 
थाना लिसाडी गेट क्षेत्र में साधुओ से मारपीट की वायरल वीडियो के सम्बन्ध में पुलिस अधीक्षक नगर मेरठ द्वारा वीडियो बाईट। https://t.co/h75St7C7SJEJYX2T8o-o"
653,TID_1936222580647643954,UID_4287885122683248633,"UP : मैनपुरी में जींस में तमंचा लगाकर घूम रही शिक्षिका को पुलिस ने पकड़ा, वीडियो वायरल https://t.co/J3FKR4FgXAibEM~xiG2u"
654,TID_8319234934602499030,UID_15670962641479113569,"मिर्जापुर में अब्दुल को उसके पड़ोसी (हिंदू परिवार) नए घर के सामने कचरा फेंकने से मना किया
उसके बाद जो अब्दुल ने किया आप लोग इस वीडियो में देखो 
मुझे नहीं पता इस पर कोई कार्यवाही हुई या नहीं...@gDiS1gyh @cqKUU @lHpBcznqBTSf0aQ @pI7xygtb7ey https://t.co/eeh5IBDlHobBBFwdn4E1"
655,TID_8876833904036507844,UID_1436530283170074371,"All eyes on PoK 👀👀

~ Narendra Modi https://t.co/XjCYq_0DCHz5zJcbq0IO"
656,TID_1836323036661823110,UID_13233575325661872530,@oz60UumON3 @uoiqxkeblWfIY https://t.co/sSnPToNQMS-h18rh9hYX
657,TID_14429412451401071979,UID_5738103343123188275,Ouchhhh 😝 #फ्लॉप_हुई_पठान https://t.co/5YDck_Z7VVoIBN9JtEA:
658,TID_2082670347225364428,UID_14552259072377103353,"उत्तर प्रदेश में अधिकारी फैंसी ड्रेस पहन कर कोर्ट का ऑर्डर नहीं मानते हैं
वीडियो में आदमी कह रहा है कि मेरे पास कोर्ट का ऑर्डर है लेकिन यह छैल छबीली अधिकारी कह रही हैं कि कोर्ट का ऑर्डर मैं नहीं मानती बुलडोजर का राज चल रहा है यूपी में नियम कानून की धज्जियां उड़ाई जा रही हैं https://t.co/TQIcib3Vkx3rDQ~IV4pT"
659,TID_8913494924084138454,UID_16266903694258665047,"Last year Polish Youtuber Carolina Goswami was attacked after she made a video calling out lies in #DhurvRathee's laughable happiness Index video

Now Instagrammer Bhupendra Jogi severely attacked after he made a reel mocking Rathee.

Does Rathee, like LKFC have a gang of https://t.co/6LJ7NORaYj9oyIGjjzWr"
660,TID_12750744834074185375,UID_12610244910233793121,FYI RWers are sharing this on WhatsApp saying secularism has corrupted Theyyam. As if this is not a minimum of 1000 years old. Completely nuts and moronic people talk like this
661,TID_2061680571778707537,UID_2516474699236372807,"Truck Carrying Fireworks To #Ayodhya Catches Fire

Read Here: https://t.co/AgkxBBHTm~-AqE6Zbfvs https://t.co/HMpUy45ZmCIDWy4NZWwD"
662,TID_2344828943008388438,UID_13661620161494709506,"Iran sentences Cristiano Ronaldo to 99 lashes for committing 'adultery': Here's how he can avoid the punishment

https://t.co/ORrCM:5K5GEwTVOt-NT8"
663,TID_8354455209326096164,UID_1968295364124228049,"If you ask why NRC is mandatory then the answer is #Haldwani . 20 years back, less than 1000 Muslim population was in Haldwani Tehsil. Today they r more than 1 Lakh. Most are Bangladeshi &amp; Rohingya who were settled by PFI &amp; so called secular parties. Now they r burning Haldwani. https://t.co/:N6R3zHsp12Px71XXQlv"
664,TID_5447487503340339509,UID_13292562821566461473,"This is how our champions are being treated. The world is watching us! 
#WrestlersProtest https://t.co/D:ctWizmF1LyrB0M_7Gh"
665,TID_18426076691312149882,UID_16798991016793159190,"Kejriwal: Maine aesa koi bayan nahi diya hai ki Manish Sisodia doshi hai. Manish Sisodia nirdosh hai, AAP nirdosh hai, main nirdosh hu. Unka saara plan hai hame media m badnaam karne ka."
666,TID_18037192454345418001,UID_10127328373124610579,"तुर्की के एक होटल के अंदर का दृश्य 
Inside visuals of Turkey Famous Hotel 
#Turkey https://t.co/n_toIQjMOR-zDvVh__9D"
667,TID_14824355333324636688,UID_7238686766826260240,@joyJHLzCjkXs @f_OSHoNR @gDiS1gyh @lqgAUWM1fsr @jhsSOixonT @Rge1gm @lHpBcznqBTSf0aQ @nJI8556b @kBaEugFVMU6W6iL @hqud79fa @oRLfV2xHG8Og संदर्भित प्रकरण की जांच से कांग्रेस कार्यालय के पास किसी भी महिला की मृत्यु की बात प्रकाश में नहीं आई है । कृपया भ्रामक खबर प्रसारित न करें ।
668,TID_7327986517171720549,UID_6964523502058136476,"मुकेश कुमार को छोड़ा नहीं गया तो कल बड़ी घोषणा करेंगे। देखते है कौन- कौन मर्द हिंदू साथ है। 

नपुंसक तो जान कर भी मौन हैं। 
किसी अधिकारी की इतनी हिंम्मत और सभी असहाय…? 
हम तो असहाय नहीं है… #ReleaseMukeshKunar"
669,TID_3384132427406934269,UID_5841065069861462436,Is Rahul Gandhi's body double part of Bharat Jodo Nyay Yatra? https://t.co/87e72RVLMNlc~Mb3bKya
670,TID_1361600051756750886,UID_5459685513407297087,My recent tweet was misconstrued. It hurt sentiments of the people. To them I say sorry. have immense respect &amp; pride for our diverse cultures. I regret the hurt caused by my unintentional remark. I reiterate my pledge to work to uphold our constitutional values always
671,TID_13728347174904478289,UID_17245304393878769353,"कुतुबमीनार मुगलों ने बनाया था, सबूत के तौर पर कुतुबमीनार के लोहस्तंभ पर देखो मुगलों के बाप दादाओं के नाम लिखे हैं। https://t.co/RxxLe3aYVpfmZcj3kUqP"
672,TID_11644168766610721857,UID_14096968872498564774,Canara बैंक को Canada समझ कर उसके सामने प्रदर्शन करते भाजपाई.... https://t.co/KyWpcw7tCV08MxfHJKoA
673,TID_2940060134388746253,UID_777733648416586964,"The mood in the congress war room is Electric. 
#KaranatakaElectionResults2023 https://t.co/mPehabkN7ziPuJI69aJH"
674,TID_1517543096465692007,UID_18338397620381744697,"कांग्रेस CM अशोक गहलोत ने कहा अगर ये हिंदू राष्ट्र की माँग कर सकते हैं तो अमृतपाल क्यों नहीं खालिस्तान की माँग कर सकता।

कांग्रेस इतनी तिलमिलाई हुई है कि इस हड़बड़ाहट में गहलोत जी सिर्फ वोटों के चक्कर में ये भी भूल गये कि इंदिरा गाँधी की हत्या एक खालिस्तानी ने ही की थी। https://t.co/gwIRWictRuJOgXrXtkyg"
675,TID_3333197990875155763,UID_16084013246614957465,@e9KTo5zpiY6SH @gDiS1gyh @o52PUdZGp_Qc @u7usDEMsYFqi4PU घटना दिनांक 04-09-2022 की जिस संबंध में मारपीट करने के आरोपियों के विरूद्ध थाना भोजपुर पर विधिक कार्रवाई प्रचलित है। https://t.co/I5piGLEMB0lyYvW1B6AQ
676,TID_13790645984618267250,UID_5156701699910585863,"""Judges will not give verdict, but Muslims will deliver verdict with swords. We swear to Khuda that our children's will not hold mobile phones, but will wield swords.""

While Government want to give computer in their hands, they want swords instead. Hindus keep sleeping 😴 https://t.co/udGyHWbLAJtJyAjw-pYq"
677,TID_18406115242090005244,UID_13232138230885637266,"The Slim migrants tried to tease three girls, they didn’t know the girls were from French para military 🤭😂🤭😂https://t.co/:7B4ADwwcFT4vwNYOZ1o"
678,TID_8246268851643715984,UID_770954616418160928,The inappropriate behaviour of Punjab CM is his original personality! This what happens when underserving party chooses undeserving person to be a CM. https://t.co/0G61bFAdJgboT-c0yEPo
679,TID_10335151470885323878,UID_12962784540579661611,"#WATCH | Rajasthan Cong MLA Sachin Pilot says, ""...I find the heaps of praises by PM Modi (on CM Gehlot y'day)very interesting. PM had similarly praised GN Azad in Parliament. We saw what happened after that. It was an interesting development y'day. Shouldn't be taken lightly..."" https://t.co/chkdYzysV2HIm5bl81fH"
680,TID_11071359086802538977,UID_784460930964767297,"मेरे साथ मुस्लिम समाज ने कांग्रेस व केजरीवाल से आज़ादी माँगने की आवाज़ उठाई। 
@oRLfV2xHG8Og @tM77DmnX @mj0HJwzcQR7MY @nvEER5iK @fixq3NoSzFKkPV @i8Ij9pek1bDM6 @hPxZriaMqw92iC @r0xcTvPNu7q8y @r3xkmL9bJ62f @fEaammIZGVJx @lqgAUWM1fsr @mVPwfdMUtia @btpvuG_N1EDHRB @bZ6GOTAD6WNU https://t.co/esUirmovLLpaW~KnfZql"
681,TID_205956412779744179,UID_1517788114244900137,It's Friday in Paris Look and cry . This is India's picture tomorrow if you don't wake up cc @dNaYBcmquQNVTPn https://t.co/dCs7OZgcnUxiZN3bOU0g
682,TID_12550437899241798012,UID_7735171670998850202,देश का दुर्भाग्य कि तीर चला नहीं वरना कल्याण हो जाता। https://t.co/xidVe:RZwixtchsAEq~k
683,TID_7998478809969435647,UID_15153396001187571074,"वीडियो में दिख रहा व्यक्ति, जो निर्दयता से 70 वर्षीय वरिष्ठ नागरिक को पीट रहा है, वह एक नामी पार्टी के नगर निगम अध्यक्ष बिर्बल सिंह का बेटा, अभिनव सिंह है।  #ArrestAbhinavSingh  #SaveSeniorCitizens bjp बीजेपी https://t.co/20BPdMi2H8iOl-Au1_zs"
684,TID_14652928575007020697,UID_15558816500414669591,"ये कब हुआ🤔 बहुत-बहुत बधाई!

*प्रयागराज में हाई कोर्ट के वकीलों द्वारा उत्तर प्रदेश के मुख्यमंत्री योगी आदित्यनाथ की निकली गई शव यात्रा टक्कर अब हुई है जोरो की सरकार को जो करना है कर ले इस तरह की शव यात्रा किसी भी मुख्यमंत्री की नहीं निकल गई* https://t.co/g51kRX8gvz~oIZ0ZoTyz"
685,TID_3918901741378050200,UID_12553396464292106561,"दिल्ली के पूर्व शिक्षा मंत्री मनीष सिसोदिया के वर्ल्ड क्लास शिक्षा मॉडल का पर्दाफ़ाश उनकी ही पार्टी की नई शिक्षा मंत्री कर रही हैं।

देखिये दिल्ली सरकार की दयनीय शिक्षा व्यवस्था और केजरीवाल की तथाकथित शिक्षा क्रांति का सच! https://t.co/hHDBFNfUaA:FM5USlR5_"
686,TID_13698747984650728308,UID_16380048490107053897,#Bahrain woman charged with insulting Hindu religious symbol. #Ganesha https://t.co/rrE:xa4gRcM4dcZd9Dsz https://t.co/Xc-OAi-B96nkm-SdBf3b
687,TID_277482886193077866,UID_4921255428486369346,"@uD5WWal1dW8 The video pertains to a  fight that occurred due to personal dispute between two factions of a political party @ Nanganallur and which happened on 31.07.2023 NOT yesterday. In this regard, a case was registered in the jurisdictional police station and proper legal action was https://t.co/oQ0z4DgMJFLS7jjP6YGG"
688,TID_12844769589668256913,UID_15226924749400553039,"#churupolice

ट्रैफिक पुलिसकर्मी के साथ दुर्व्यवहार व राजकार्य में बाधा उत्पन्न करने वाले आरोपी नरेंद्र निवासी घाँघु पुलिस थाना सदर चूरू को हिरासत में लिया गया।
@oqQiGvVePj 
@lH4e8oAglmqHINJ
@l9yV9B2jajwu https://t.co/cOIxJA3OQkOiWrFR22oO"
689,TID_2277666790088342674,UID_5057001319212123567,"Love jihad in action . A Hindu girl in Bangladesh converted to Islam forcefully . When the girl's father filed a case in the  Court, the Hindu girl refused to recognize her Hindu mother and called her a kafer. Later, unable to bring her daughter back, the mother fainted. https://t.co/pRT1u9~ETGgtCSpanpLP"
690,TID_3080331235799116936,UID_13949801579666402200,"Watch this Hinduvta extremist group in which one says, ""if we want to make Muslims weak &amp; helpless in India, we need to target their girls. **** They will become helpless by their own. And also grab their property. That's the sole agenda"" https://t.co/VFlap6hU0QJvEHb4456w"
691,TID_1238671411301455221,UID_16470445864532859343,ಶಕ್ತಿ ಯೋಜನೆಯಡಿಯಲ್ಲಿ ಶಕ್ತಿ ಪ್ರದರ್ಶನ ಮಾಡಿದ ರಾಜ್ಯದ ಸ್ವಾಭಿಮಾನಿ ಮಹಿಳಾ ತಂಡ ..😆 https://t.co/JB:k1fuYUTrIyE5a1u3D
692,TID_14503629782052884464,UID_7834882179677415811,Members of BJP's youth wing ABVP protesting against fee hike and other demands at UP's Gorakhpur University confronted the VC Prof Rajesh Singh who was moving around with cops in security. A scuffle followed with ABVP members and cops exchanging fist blows. https://t.co/dZ6dDAbxPWTM4E0XqdVC
693,TID_13883461709541721083,UID_2767505182080735047,#WATCH | Bhopal | Madhya Pradesh Chief Minister Shivraj Singh Chouhan holds a review meeting with ministers of the state government and senior officials over the incident of fire at Bhopal's Satpura Bhawan. https://t.co/wai8Zt0sevaYdPXNQXLL
694,TID_4486981144111751282,UID_5321728043551226024,"Arvind Kejriwal put all the blame of Liquor Policy Scam on Manish Sisodia.

In the court he said that it was idea of Manish Sisodia, I have nothing to do with this.

Next is Sanjay Singh on his Target ? Or Atishi?

What @qW94y3IsckIG will say on this ? 😹 https://t.co/3bHKzAa9bfcYE5kSr6o4"
695,TID_9940091071341822640,UID_8607835014512412034,ಇದು ರಾಜಸ್ಥಾನದ ಕೋಟಾ ಜಿಲ್ಲೆಯ ಹಳ್ಳಿಯೊಂದರಲ್ಲಿ ಜಿಹಾದಿಗಳಿಂದ ನಡೆದ ಘಟನೆ.  ರಾಜಸ್ಥಾನದಲ್ಲಿ ಕಾಂಗ್ರೆಸ್ ಸರ್ಕಾರವಿದೆ. ನೋಡಿ ಪೊಲೀಸರೇ ಜಿಹಾದಿಗಳಿಂದ ಪ್ರಾಣಭಿಕ್ಷೆ ಬೇಡುತ್ತಿದ್ದಾರೆ. ಇನ್ನು ಸಾಮಾನ್ಯ ಹಿಂದುಗಳ ಪರಿಸ್ಥಿತಿ ಏನಾಗಬಹುದು. ಈ ದೃಶ್ಯಗಳು  ಮುಂದಿನ ದಿನಗಳಲ್ಲಿ ಕರ್ನಾಟಕದಲ್ಲಿ ಕಂಡು ಬಂದರೆ ಆಶ್ಚರ್ಯವಿಲ್ಲ. . https://t.co/HR70H:nP3UDmwSTsl24L
696,TID_6053920336739576818,UID_14074313513674153303,"ಹಿಂದೂಗಳ ವಿರುದ್ಧ ಸದಾ ವಿಷಕಾರುವ ಕಾಂಗ್ರೆಸ್‌ ಸರ್ಕಾರದಿಂದ ಮತ್ತೊಂದು ದ್ವೇಷದ ಆದೇಶ ಹೊರಬಿದ್ದಿದೆ.

ʼಬಿಸಿಯೂಟ ಕಾರ್ಯಕರ್ತೆಯರುʼ ಕೈಗೆ ಬಳೆ ಧರಿಸಬಾರದು ಎಂದಿರುವ ಕಾಂಗ್ರೆಸಿಗರು ಆ ಬಳೆಗಳನ್ನು ತಾವು ಧರಿಸಿಕೊಳ್ಳಬೇಕೆಂದಿದ್ದಾರೆಯೇ? 

ಹಿಂದೂ ಆಚರಣೆಗಳನ್ನು ಹತ್ತಿಕ್ಕಬೇಕೆಂಬ ನಿಮ್ಮ ಪ್ರಯತ್ನಕ್ಕೆ ಧಿಕ್ಕಾರವಿರಲಿ.

1/2"
697,TID_17921115405675842705,UID_13465274680860989634,Grazie. Siete la mia forza! https://t.co/rMEZxBd6UHjIMpyjMeEC
698,TID_10047682960841532663,UID_16465170597393750377,तेलंगाना के मुख़्यमंत्री के K चंद्रशेखर राव ने बॉक्सिंग मे गोल्ड मेडल जितने वाली @ibh5Q5svHpO9m   निखत  को पचास लाख इनाम दिया 💐 https://t.co/NvPENeObT~rfHRquIofG
699,TID_16716238206822192804,UID_8485426947407739247,And the team danced in the War Room https://t.co/qXM68FNOKkqxIOMF:qaA
700,TID_10133736843574088359,UID_6266273974585123756,"ಮಾರ್ಚ್ ಒಂದನೇ ತಾರೀಖಿನಂದು ಪಿಯುಸಿ ಪರೀಕ್ಷೆ ಆರಂಭವಾಗುತ್ತಿರುವ ಕಾರಣ ಅ ದಿನದ SSLC ಪರೀಕ್ಷೆಯನ್ನು ಮಧ್ಯಾಹ್ನ ನಡೆಸಲಾಗುತ್ತಿದೆ.

ಮಾರನೇ ದಿನ ಶನಿವಾರ ಪಿಯುಸಿ ಪರೀಕ್ಷೆ ಇಲ್ಲದ ಕಾರಣ SSLC ಪರೀಕ್ಷೆ ಬೆಳ್ಳಿಗೆಯೇ ಆರಂಭವಾಗುತ್ತದೆ.

ಪರೀಕ್ಷಾ ಕೇಂದ್ರಗಳ ಕೊರತೆ ಹಾಗೂ ಗೊಂದಲ ಉಂಟಾಗುವುದನ್ನು ತಪ್ಪಿಸಲು ಈ ಕ್ರಮ.

ಇದರಲ್ಲಿ ಸುಳ್ಳು https://t.co/Pr27nFcvZGVa5hJvRjDQ"
701,TID_14624048608757994466,UID_6200822895972596244,"This is the rousing welcome that the people of #Kutch gave our Honourable Prime Minister @oRLfV2xHG8Og ji today. Unimaginable fervour!!

#KutchWelcomesPMModi https://t.co/hjUjsYu:S6ImQ8pFX5Aa"
702,TID_4218656497030357575,UID_1370949561400164715,"If you would like to own a coffee machine for your home or office, our representatives at Dallmayr Coffee will discuss your needs and offer you a coffee machine that will suit your specific requirements. #Dallmayr

Get in touch with us:
📞 +971 4 29 77 888
📲 +971 50 1342569 https://t.co/uP_ajP3ptraMhZZvW0tu"
703,TID_10843775006392839542,UID_1021444467668376933,#Vídeo Se viraliza en las redes mujer maltratando a su hija https://t.co/utAYbZ_vyxTwFT83YMS3
704,TID_3145493008713645051,UID_13340760419149650372,"Protest in London, Outside of Nawaz Sharif's Flat https://t.co/r~w-joR3DugM_-Gqor~q"
705,TID_18111839238478281309,UID_9913577990402385243,"औरंगजेब ने भारत माता के लिए जान दी थी 😆
कांग्रेस के संपर्क में आने वाला हर इंसान पप्पु है। https://t.co/J_9~IJgNNu65LsUF5qCe"
706,TID_14048676645832722793,UID_10655868374124677298,"करने लगे।

कुछ वक्त बाद वो फ्लोर पर बैठे कर पूजा करने की बात करने लगे। इसी बीच 3 पैंट्री कार वालों को भी जानें नहीं दिया। नमाज़ का हवाला देने लगे।

बात पैंट्री कार मैनेजर हरवेश श्रीवास तक पहुंची। उनके आने के बाद दोनों में हाता पाई हुई।

पैंट्री कार मैनेजर सहित 3 पर मामला दर्ज।

+ https://t.co/FU3753o3sHEZ8ZYPLNx0"
707,TID_12866565379216418906,UID_214644813850887764,"Body of a Hindu girl has been found from the Arabian sea near Mumbai. The worst part about it is her head is missing, must be ch0pped off...

I hope it will be investigated properly!! 
@m4wXxcVmN7IL @ltTABfSEtbon https://t.co/CNuV_Xmnd2yBUDX6jmjm"
708,TID_16647202279878715252,UID_8228765268433237893,"Hello @xMNJn8tPS5l5e ... You have shared an old video from 2019...

Sharing Old Video Link:
https://t.co/D1eruwf4ihPZVHuZ80uy

#FactCheck #FactsMatter @l0m7DPghtLnX @6Gbsvc96k @bT5Cfb4pagf1ueG"
709,TID_12386763724590302630,UID_9105977643778659118,"Flooded with queries if this is fake pic or real. Just to put record straight posting two cover pages 1) Abhiyaan, the weekly founded by me and my late husband Kanti Bhatt and 2) The Illustrated Weekly. Both carried my interview of Dawood Ibrahim in 1987. Weekly’s cover story was https://t.co/-3lIG0yBmwdpyNxNXpsi"
710,TID_7456705445488029359,UID_12188415226445173379,"थाना सदर बाजार क्षेत्र मे ""व्यक्ति द्वारा डण्डे से अन्य व्यक्ति की पिटाई किये जाने का वीडियो वायरल होने तथा कार्यवाही"" के सम्बन्ध मे श्री संजय कुमार, अपर पुलिस अधीक्षक नगर @vK6YUEccK की बाइट।
#UPPolice 
@gDiS1gyh https://t.co/mVZ-S-HJDulrvp2PVTcK"
711,TID_1535403938751933337,UID_562652498596697450,"👆👆उम्र छब्बीस की थी, जब रिषिकेश स्थित साधु दयानंद जी के मठ में योग विद्या ग्रहण किया। पहचानिए  इस तपस्वी को आज हमारे प्रधानमंत्री हैं। एक दुर्लभ विडियो मोदीजी का 👌👍 https://t.co/TqH-EKkCJphOY8gIK:Hp"
712,TID_1480231603436084673,UID_15721444962750364211,"La escalada de violencia continúa en las calles de Guadalajara. Aquí el momento en que se prende fuego a uno de los policías; las detenciones se están dando de manera intensa.

Cobertura: @xk0KcQup4c https://t.co/IIWbDzRu81B:qf~tebMd"
713,TID_1841365108759670487,UID_5374981664984974891,शिंदे मुख्यमंत्री आहेत की शो-पीस? https://t.co/afy9zOqtqm13wm0k-HpM
714,TID_2644310419432538216,UID_12854248647373307589,सर्वात मोठा गद्दार !!! https://t.co/6jHYuVa32s:1Uwe9L4zp
715,TID_3108614322216810409,UID_8067510476818397103,"मुसलमान अगर पैसे वाला है तो दामाद है मुसलमान अगर गरीब है तो लव जिहाद है !! 
उदाहरण फिल्म द केरला स्टोरी की सहायक अभिनेत्री देवालिना भट्टाचार्य के पति का नाम शहनवाज शेख है !! https://t.co/sJdaLP0Hq0v9W9GRDZDV"
716,TID_8144114908866309554,UID_12960287078891529510,Important announcement from #IndianOil. It is perfectly safe to fill fuel in vehicles up to the limit(max) as specified by the manufacturer irrespective of winter or summer. https://t.co/XYPuY61XLXFRK_2AwP-X
717,TID_13033098950276110627,UID_3691477914465143847,"तमिलनाडु मैं बिहारियों को आए दिन मारा जा रहा हैं लेकिन बिहार की सत्ताधारी @sDoULeHWaiv की सरकार हाथ पर हाथ रखकर बैठी है!

 यूपी में का बा सीजन 2 गानेवाली @ljY9desToWifbK अब तमिलनाडु में हो रहे हरकत पर मुंह मैं दही जमा बैठी हैं। https://t.co/ad2fCumBPZxfBc4RlwYW"
718,TID_10189348756461228060,UID_4120518444047409308,"புது சரித்திரம் படை
நாளை நமதே...💪🔥

#CMStalinInUS #NewYorkTimes https://t.co/LO7zOmk0mDvXgyabTElX"
719,TID_4435174703278670635,UID_13458099377836712266,Successful small train test run was conducted on 21 March on world's highest railway track under construction on Udhampur-Srinagar-Baramulla rail link on Chenab river in Reasi District(Jammu) of Jammu &amp; Kashmir Union Territory @👌@fuvZ_kmqw0vrk https://t.co/Z6o2:OJOhFQqQvUuhXfW
720,TID_11802318982305374041,UID_6571998825717412031,"झाड़-फूंक के नाम पर लोग मजारों में मौलवियों के पास जाते हैं।

देखिए वहां क्या होता है। https://t.co/bEB2s8TUCtn9lCUyRYqZ"
721,TID_3120508105822344267,UID_14978137642234802846,"Viral video claimed to be from Bihar where Swords wielding muslims can be seen calling for violence against Hindus in India’s Bihar state
https://t.co/vbfAVj_LG9hy5FWeFtpf"
722,TID_14793370495290961413,UID_6926210759940344719,"प्रिय तेजस्वी जी, 

मोदी सरकार विकास में राजनीति नहीं करती बल्कि विकास की राजनीति करती है। 

हमारी नीयत साफ़ है। 

एम्स दरभंगा की अनुमति मोदी सरकार ने 19 सितंबर 2020 को दी थी और बिहार सरकार ने 3 नवंबर 2021 को पहली ज़मीन दी। https://t.co/OedeLOHEz-LIqjLYnCK4"
723,TID_18339078882977192757,UID_3415768336462960678,"The frustration &amp; desperation of TRS over losing the Munugode By-poll is evident from the attack on Sr leader, @tdD4uG5hJ National Executive Member &amp; MLA Sh @h44oGTQBqXawuoz Garu &amp; his wife in Munugode

I strongly condemn the attack on Smt &amp; Sh Rajender garu &amp; our Karyakartas
1/2 https://t.co/sZl3ZjOQ~jHl~aanNIBf"
724,TID_6064133942536356693,UID_9501496960283039486,@gN8Hj8fVr @hFuz_U5TKSsc @bPDt2OCSGM The screenshot in that tweet is a mocked up image. The New York Times did not write or publish that story. Our coverage can be found at https://t.co/kJfOglzhQAPXZG4jFzVt
725,TID_2240595700230667505,UID_6268121633393873197,"भारत का मोस्टवांटेड अंडरवर्ल्ड डॉन दाऊद इब्राहिम के साथ यह लड़की कौन है और इस डाॅन के साथ इस महिला के घनिष्ठ संबंध क्यों हैं ????             @bgduIEsBbIfYLTS @hsNk78ke @eLta3 @pPejkr54IYhxJ @xf6aY7v2hT_cy_L @rtCo6Q1g5WlM 
@tdD4uG5hJ https://t.co/EMxYjQwxCBgTJp17O~5X"
726,TID_12754186924961387997,UID_2951914537290555564,"#Modi 
#Mangaluru ❤️ @oRLfV2xHG8Og https://t.co/Wir~USkiGP-y1v1XHcAN"
727,TID_1126590672851705374,UID_4878999820147247362,ये फोटो किसान आंदोलन की है. और ये तीनों पहलवान अब सोना जीतकर आए हैं. https://t.co/j1ltPoe6AoCghDMYomov
728,TID_5372316786007991729,UID_16582112539980249922,"છોટાઉદેપુરના કવાંટ તાલુકાની ગેલેસર શાળામાં હોબાળો, દારૂનાં નશામાં શિક્ષકે મચાવી ધમાલ

#school #teacher https://t.co/~v0:PiSceU~Xi9kmnSwC"
729,TID_8064317279962374503,UID_6226246978413408709,"Modi’s effigy wrapped with national flag is being paraded in Punjab. They sent a contingent of paramilitary forces to Delhi airport to arrest Pawan Khera, but the regime and media are silent about it. https://t.co/u9rkjN-geQP_QvePcaPi"
730,TID_12962638083572236926,UID_7286470334930969094,"Prime Minister Shri @oRLfV2xHG8Og held a meeting with BJP Chief Ministers and Deputy Chief Ministers at BJP Headquarters, New Delhi. https://t.co/rAvG7G7XCrA-2~d2JAlO"
731,TID_10802809877767087204,UID_16371204876076456164,कोल्डड्रिंक में शराब पी रही पापा की परियों को पुलिस ने पकडा .. फिर उसके बाद देखिए क्या हुआ https://t.co/ykXzSRH9q5coGna_PyZo
732,TID_969638545768870177,UID_7286470334930969094,"9 साल...
सेवा, सुशासन और गरीब कल्याण के!

'जनसंपर्क से जन समर्थन' अभियान से जुड़ने के लिए 9090902024 पर मिस्ड कॉल करें। https://t.co/Q57Kcbw-:yjmp2pTOuCZ"
733,TID_15780519162274351632,UID_8737715103806187569,"""Jab mulle ka@vZ jaayenge Ram Ram chillaayenge""– this slogan is raised by people in a theatre in Bijnor after watching Kashmir Files. They also raised the slogan ""Bharatiya Janata Party Zindabad"". Scary that there is no police action on these murderous slogans against Muslims. https://t.co/PFhVmU3TFw2_JTq4LjeB"
734,TID_9400060810030696415,UID_214644813850887764,"MusIims attacked the Eritrean community festival in Sweden.

Monu Manesar along with Bajrang dal reached there too? 
@W7ZBVg9lq5Ha8WH @uNvNhnriv9 https://t.co/bA_Kf:ZksTL2jHN4wcv2"
735,TID_16934930388648971106,UID_2210865729473610851,"पेरिस में भी क्या कोई #रामनवमी का जुलूस निकला था?? 
 https://t.co/KZVO2MyA2EicPtcGXBi-"
736,TID_10358758638000731344,UID_6496682555219255847,"ראש מערך ההסברה: בידינו ראיות לכך שהילדים בג'בליה נהרגו מירי של הג'יהאד | תיעוד השיגור הכושל
@wUE4w0obTebJg @gaF1P1VFGnDnh https://t.co/0Ti2SZ:ebe_J2IkHVAg1"
737,TID_12221142790842441259,UID_7583860411162295626,"Vande Bharat train is decorated for Onam. The m0meen stopped pelting stones for a day to show that celebrating Onam in Kerala is about harmony &amp; not for Hindu.
Kasargod, Kerala is district where villages follow Shariah. Entry with Indian ID is prohibited 11 places as per media https://t.co/f4sl2XyVL:G:Fwl3EsTp"
738,TID_13473186672127288985,UID_5459685513407297087,"Canara बैंक को Canada समझ कर 
उसके सामने प्रदर्शन करते भाजपा के
Sanghis https://t.co/0esU0sfuczC-H39hE7BN"
739,TID_13779598352899759494,UID_5300339344525496466,"बहुत खुशी की बात है कि छत्तीसगढ़ में आलू से सोना बहुत ज्यादा बन गया है इस लिए #मुख्यमंत्री @dEMHCxHI1BOHZ ने सभी अतिथियों का स्वागत #GOLD #chain पहना कर किया
#छत्तीसगढ़
 🤔🤔🤫🤫 https://t.co/85oqyxiMmQE0TdOUtGfP"
740,TID_2515426847939732558,UID_5032643970727594373,"Here are the most recent numbers from our latest top-up survey for #Telangana, presenting the current figures for the upcoming elections in the Telugu state.

▪️BRS            36 - 39
▪️INC             69 - 72
▪️AIMIM          5 - 6
▪️BJP                2 - 3
▪️OTH              0 https://t.co/LErKk4zc~PI9zyXEkb3B"
741,TID_264585771556684938,UID_3275848620846614538,"Student Points A Gun At His Teacher, Gets Arrested And Charged With Aggravated Violence 🤦🏽‍♂️📍France https://t.co/idFgpZ0GR7by3uUHI-lX"
742,TID_11564769857960165648,UID_14335166039118496468,सनातन ही सत्य है https://t.co/yV5ZSi:ifaefGopOvpZO
743,TID_9904407863327574927,UID_1013466449129478840,"Who supplied guns and ammunition to Christian Kuki tribe militants?
This looks like a ghastly attack on Hindu Meitei Community!
Hindus have been so accommodating and tolerant to christians, muslims and others
But see how are they being attacked in their own land now
Devastating!"
744,TID_16250607059291400690,UID_13174231382970750023,"Nunca olviden esto: todo todo todo lo que saben de Gaza es a través de Hamas.
Miren esta hermosa producción de Pallywood. https://t.co/xCnoPmp2Mx4ib1PqplN7"
745,TID_1168387238494233643,UID_14456215953987092380,"म्यान्मार से मणिपुर का चोर रास्ता.....         कैसे apni जान बचाने जान की बाजी लगा के  भारत मे ये लोग आते है
 Part 1 https://t.co/pSP4:4VMl1s6SliDTko2"
746,TID_10711803218707416868,UID_2291159061702494750,"Stop spreading lies! 

Rahul ji was present during the National Anthem for the entire duration. 

He can be seen standing in the top left corner in the initial seconds of this video and at the end. https://t.co/C5t6J_:3xxOlKs9evv_F"
747,TID_17948288681388592351,UID_1366057835838458782,"Stop talking nonsense. Lets not talk about money here. Sharminda aap hi honge. Simple language mein samjhati hun because i am an independent , financially &amp; mentally &amp; the reason i married of my choice without damn conversion. What do you even know about us ?"
748,TID_17131057462703814464,UID_13089211770788776392,"Inside visuals of Turkey Famous Hotel ...
#Turkey #TurkeyEarthquake #Turkiye #Turkish #TurkeyQuake #turkeyhelp #turkifsa #Turquia #Syria #syriaearthquake #Syria_earthquake #Syrian https://t.co/jkFZcsJA66r_h6SGbjL_"
749,TID_873149276691788036,UID_10771313918841260574,https://t.co/2JCEK5NIhVsXQ5u-QsyZ
750,TID_12337931117664364044,UID_1451367275739410209,"ये BJP के गुंडे -- वर्दीधारी पुलिस पर हाँथ उठा रहा है -- अगर इसके स्थान पर कोई मुस्लिम होता तो क्या होता ?

इस पर सरकार NSA और राजद्रोह का केस क्यों नहीं कर रही ??

पालतू गोदी मीडिया इसपर डिबेट्स क्यों नहीं कर रही है ??

दोस्तों RT करके पुरे देश को दिखाओ 

#ABVP_शर्मकरो #UPSCscam https://t.co/IjqR:Ddjupp3UBHBVwvV"
751,TID_6284247936009120292,UID_12962784540579661611,"#WATCH | ISRO chief S Somanath congratulates his team on the success of the Chandrayaan-3 mission, says, ""Thank you everyone for the support...We learned a lot from our failure and today we succeeded.    We are looking forward to the next 14 days from now for Chandrayaan-3."" https://t.co/viaV4enTT0QCGWgqsQs_"
752,TID_4651703753435994655,UID_10808594601076502596,"“फिल्म द केरला स्टोरी” की सहायक अभिनेत्री देवालिना भट्टाचार्य के पति का नाम शहनवाज शेख है… इस फ़िल्म को मैंने नही देखा है लेकिन हमारे कुछ मित्रों ने इसे देखा है जिनके मुताबिक़ फ़िल्म में कुछ आपत्तिजनक दृश्य ऐसे हैं जिसे अपनी बहू/बेटियों के साथ नहीं देखा जा सकता है..
फ़िल्म के https://t.co/8ftGHqe_Tqx591xxks3W"
753,TID_6121130628073564149,UID_9172938793156677218,शिरडी सांई की झोली में डाली गई हिन्दुओं की कमाई कहाँ जा रही है खुद ही देख लो ! https://t.co/KJVP1KcO~PpJGKcU3PU5
754,TID_9314936197216164318,UID_391728783169458712,"A #Fake order issued in the name of the Ministry of Finance claiming that the 'Dearness Allowance &amp; Dearness Relief payable to Central Govt employees and pensioners will be kept in abeyance' is in circulation.

#PIBFactCheck

▶️No such order has been issued by the @gxKogTLa2N0. https://t.co/cS32K_BY5JNyllRL9h4x"
755,TID_11351819917718417020,UID_10806340248824459621,"अरे भाई 10 के बाद मत उठाना अभी तो उठा लिया करो फोन 
अभी से फोन नही उठा रहे इतनी बड़ी इंसल्ट 🤣🤣🤣🤣🤭🤭🤭

https://t.co/ThErz4IdNoyqEDNKv4-_ https://t.co/Df-tLziaZ:torBAPMo7K"
756,TID_18125885328038233779,UID_3153292203909638409,"This is the wife of the Vice President of Ukraine. She is fighting for her Motherland. Massive Respect. 🙌

#RussiaUkraineWar #StopPutin #Ukraine #UkraineInvasion #Kyiv https://t.co/V:iv5L-BoteBITXRvyyl"
757,TID_3556266671067198749,UID_4132790307649440910,Scene around #Pyramid stage in #Glastonbury after the 'performance' of great environmentalist Greta Thunberg! https://t.co/t6a4e1~z2hUunM1vUksb
758,TID_7327597346662390911,UID_5177080406036468449,"अच्छा, तो अब नमस्ते प्रणाम भी बंद हो गया? 

वैसे BJP की मीटिंग में इतना मातम मायूसी का माहौल क्यों?🤔

 https://t.co/GkHx2RoMiAOMSU5XPmQ0"
759,TID_8999565836711031445,UID_3659425471950790377,"पुलिस थाना चितलवाना द्वारा सांसद के विरूद्व #आपत्तिजनक_टिप्पणी सोशल मीडिया पर #वायरल करने वाले 2 आरोपियों को किया #गिरफ्तार...

@lH4e8oAglmqHINJ  
@ip1VlAtNe15NR 
@fpKOoOfpTsg 
@uVZ9FQvW  
@yd0T9n8 https://t.co/R6LE54iI0dRTVBf36w-e"
760,TID_532768240775897449,UID_13208650285655715013,"Imagine just how helpless and humiliated you'd feel to be a Palestinian father watching armed enemy Israeli soldiers abduct your children and take them off to god knows where to be beaten, tortured, sexually assaulted and detained for months or years?
https://t.co/xNgVT2STXphH8vrnZCSh"
761,TID_12164040421425944487,UID_12962784540579661611,#WATCH | Uttar Pradesh: Actors Kriti Sanon and Ranveer Singh &amp; fashion designer Manish Malhotra visit Kashi Vishwanath Temple in Varanasi to offer prayers. https://t.co/KJzX4ylCDdAnz6Qxm:q_
762,TID_3437258696694279536,UID_7418639697823006295,India proved itself to be the most disgraceful host! https://t.co/7d8GW_7G95wFYYPKI-BN
763,TID_4824629541063753545,UID_4868040977887527873,"अतीक अहमद और अशरफ की गोली मारकर हत्या, 10 राउंड चली गोलियां

पीछे से आया...सर पर लगाई पिस्टल और ऐसे मार दी गोली 

#AsadAhmed #UPNews #AtiqueAhmed https://t.co/MP2oT78~N98b4TxF:T_t"
764,TID_3573903367879832342,UID_3013349204384593845,"Little girl ""hurt"" by the director. Why do they use children for this? https://t.co/FJILsxppc5VPH9VFxXU~"
765,TID_1845222872422862512,UID_214644813850887764,"Dear @fUAv5wnxkvv67Im ji, a few times later the waqf board will claim this train as theirs &amp; you won't even have the right to go to court.. https://t.co/x71eF4CT1cfUNYPzxffZ"
766,TID_13083822154333167776,UID_3630620580306735315,"Mohabbat Ki Dukkan in Karnataka.

Another Hindu Leader Paneendra Subramanyam  hacked to death in Bengaluru, Karnataka.

Are Dharmic Gurus being eliminated in a systematic manner?

CONgress opened their Dukkan a month and Hindu dead bodies have been piling up since then.

Media https://t.co/W-7IhD5AKb7eYw8bDaJV"
767,TID_6298806006271601187,UID_18374455549297617125,सबको इंतज़ार था दहाड़ का… पर ये तो निकला बिल्ली मौसी के परिवार का. https://t.co/kNpc2MQTt-UHTJQsRTdy
768,TID_10711740285224069992,UID_4674093149131540099,"@w9YJvDGQcn__MxT SHO
Anand Singh Thakur..

“I have come alone..
I’m standing alone.
Put a hand on me...🇮🇳👌
#Haldwani https://t.co/zXBlgevzIT4XEzNhHGsM"
769,TID_15040346966758230257,UID_9729791401377373732,Official statement https://t.co/Ii4f_yOYkr6VDvbxStPa
770,TID_18202608723440450488,UID_6487333923532835531,"Are these boys aspirants for defence services recruitment? How can we rely on them for safety of our borders? They should be booked for attempted manslaughter &amp; treason 
#AgnipathScheme https://t.co/xio6JX3YTpI4:r3rOich"
771,TID_6132990310553728451,UID_11398646529124702417,"🚨 There is an urgent need for a legal and regulatory framework to deal with deepfake in India.

You might have seen this viral video of actress Rashmika Mandanna on Instagram. But wait, this is a deepfake video of Zara Patel.

This thread contains the actual video.  (1/3) https://t.co/it7UuBmg_uC9XKuGwgmq"
772,TID_2656633827799348130,UID_5574103401958919459,"#BijnorPolice 
दिनांक 23.07.2024 को थाना कोतवाली शहर क्षेत्रान्तर्गत मारपीट की घटना के संबंध में स्थानीय पुलिस द्वारा की जा रही वैधानिक कार्यवाही के संबंध में क्षेत्राधिकारी नगर जनपद बिजनौर की बाइट ।
#UPPolice https://t.co/44-uwjCNuvqmTZGO~DuF"
773,TID_14355334308673645382,UID_16814909830473283621,क्या इनके दिल-ओ-दिमाग में अभी भी कांग्रेस ही है...🤔🤔🤔 https://t.co/iOveiMAUCwrwy6KT0cfB
774,TID_1447389054127541483,UID_16371204876076456164,"स्वतंत्र भारत मे पहली इफ्तार पार्टी 1947 में जवाहर लाल नेहरू ने दी थी जिसमें उनका मंत्रीमंडल नजर आ रहा है

लेकिन सरदार पटेल ने इसका विरोध किया था कियह गलत परंपरा शुरू करना देश के लिए खतरनाक है जबकि कुछ ही महीने पहले हमने होली, दिवाली पर किसी पार्टी का आयोजन नही किया था। https://t.co/CfT9_bu6jEeYeQIMHi1v"
775,TID_9993259479739813376,UID_5738103343123188275,"यह पेरिस में शुक्रवार है देखो और रोओ।

यह कल भारत की तस्वीर है अगर तुम नहीं जागे तो। https://t.co/gBty~UWEOqqXDiz0:MyZ"
776,TID_7990319794274613311,UID_492603222221205923,"अमित शाह कह रहे हैं कि मुख्तार अंसारी से मुक्ति भारतीय जनता पार्टी ने दिलाई।

क्या ऐसा प्रतीत नहीं हो रहा, जैसे शाह ने अपने हाथ से अंसारी को ज़हर दिया हो? 

https://t.co/9fypFi7T1B5r_wT_uZ9Y"
777,TID_16952131030487968324,UID_7052675615672506565,"Delhi Metro Rail Corporation analysing this video doubts if this even happened! 

""Prima facie, the authenticity of the shooting of this video inside the metro seems doubtful as deepfake technology may have been used to create this content"" : DMRC

If this is really deepfake, I'm https://t.co/XhAZm2YVUm14V05JRoEh"
778,TID_14846639200002745232,UID_5065666256297218786,"Just got this on WA. My audio has been morphed, Akhilesh’s answer has been distorted. While one is always up for a laugh, it appears this clip has been used to spread misinfo during the elections, and hence am flagging here."
779,TID_5868356824216478287,UID_11870259272500995015,"#baghpatpolice
@gDiS1gyh
@j3HKgn3uvQJHF https://t.co/RDwadfYvLJhCgcCmW6xI"
780,TID_14977076510969157542,UID_6166060503655546234,"The original copy of the Constitution of India has a blue cover . 

The original  Chinese constitution has a red cover.  

Does Rahul carry a Chinese Constitution? We will need to verify. https://t.co/:0Hp2hMSh2lJpMYeGcrF"
781,TID_11136572823868312441,UID_16798991016793159190,"Court: Maine padh liya aesa nahi bola gaya hai. 

Kejriwal: They are sensationalising the issue. Ye kal top headline hogi har akhbaar me. Inka aaj kewal ye maqsad hi hai. 

Court: Jitna bola jaaega, media m to aur zyada aaega."
782,TID_4360241079827299414,UID_14466114495207992148,"أحتاج أقرأ تعليقاتكم على هذه الصورة 
خاصة في نظرة الأطفال إلى رجل #المقاومة 
كي أقارنها مع ما ورد على لسان الإعلام العربي المتصهين!

الصورة بعدسة عطية درويش من العرض العسكري في مخيم النصيرات بعد اندحار العدوان عن #غزة https://t.co/X3VBzGo3znVxtq~MZb6q"
783,TID_8483752437608885296,UID_14194930843867946386,"Karnataka voters felicitating a BJP Karnataka campaign vehicle very lovingly during an election rally. 

#KarnatakaElection2023 https://t.co/nCst2b3NLAw0eHkyQ-GG"
784,TID_10185368435067611978,UID_18253622243094610791,सरकार का खून ऐसे दृश्यों को देख कर के नहीं खोलता https://t.co/pHBcvi~-SgowIfzKqoh9
785,TID_2387280225338990360,UID_12247774336629516658,"FUN FACT (Via @XELK6g4YSH)

More than 100 passengers a year fly to Austria when they meant to fly to Australia.

So Salzburg Airport has a special counter for them. https://t.co/EI:2OSzSf~YvcPG9j5FS"
786,TID_6450538618673421905,UID_5818419630945897249,"@kILzBtl0o9ZG Seems real, pic from other angle https://t.co/ko0TmlTu~HBa~TTZBqmL"
787,TID_11378227850689186403,UID_6268121633393873197,"केरल के वायनाड में राहुल गांधी और प्रियंका वाड्राइन ने चार साल पहले हिंदुओं के बड़े मंदिर श्रीसीताराम मंदिर पर मुसलमानों का कब्जा रजिस्टर्ड करा दिया था 😡
अब तो कांग्रेसी ब्राह्मण क्षत्रिय बहुत खुश हो चुके होंगे 😭😭
सब लोग भाजपा को ही वोट दें 🙏
@hsNk78ke @bgduIEsBbIfYLTS https://t.co/S~:MGHmv9HCdU-2:FYjH"
788,TID_8540940619261910115,UID_16223399475266080681,"Burnol moment for Bhakt's
#BharatJodoYatra https://t.co/r15drviHHQqB_OilLbhz"
789,TID_14208386725421246882,UID_12962784540579661611,"#WATCH | S Somnath, Chairman, ISRO speaks on the challenges of the Space Economy during the G20 Space economy leaders meeting in Bengaluru, Karnataka https://t.co/05JsFMDQ~zMIEOVzfUWc"
790,TID_12284792950137473400,UID_11239799438442292044,A police officer was set on fire in Italy….when will enough be enough? https://t.co/3LWfh~HoBSjMHlfEL6CA
791,TID_6752379990707749724,UID_8516216495540134001,"हृदय को चीर देने वाले दृश्य।😢💔

गाजा में जल्द स्तिथि सामान्य होने की प्रार्थना कीजिए। 💔 https://t.co/klSOBn93BKWJUahXCcx~"
792,TID_5299168642476296344,UID_1420584834983937824,"Shops of Muslim vendors evicted at Dakshini-Kannada temple fair.

VHP gives a call to ban non-Hindu traders.

Imran (@hzRTZ3TSrx4M6J) &amp; @julQ4z8ES5 share the latest updates. https://t.co/qecaRkF9O4cU_oNlDxto"
793,TID_16393057220031855428,UID_2396654371761811418,"Sirf Paanch Sunday, March Ke! Watch the new season of Satyamev Jayate , every Sunday of March at 11am #DeshKiFikr  http://t.co/uXHmMYWxfYgF0U1__qMS"
794,TID_6173705761499293808,UID_13086019429289440165,"*तेलंगाना में कांग्रेस के जीतते ही भारत के झंडे पर कलमा लिख दिया गया*

*हिंदुओ क्या अब भी कांग्रेस को लाना चाहोगे अपने प्रदेस में या केंद्र में* https://t.co/Io:J6G:38vMOZUrjjEZC"
795,TID_10942819923203179503,UID_5831772063402748811,"Cristiano Ronaldo ha sido condenado a 99 latigazos por la justicia de Irán que el portugués recibirá la próxima vez que viaje a ese país, según informan medios iraníes.

CR7 abrazó a la pintora iraní Fátima Hamami como agradecimiento por regalarle un cuadro. 

""Tocar a una mujer https://t.co/LJNTO4_:PtBDQwYfnSD7"
796,TID_12345666853112939975,UID_6339347333266086359,Know more: https://t.co/73ClRZK~yN18r:UJIRgO https://t.co/p-PFNFiYHUaTB5J3sjEZ
797,TID_6264497116786874872,UID_657972679386357341,"Hijab ALLOWED To All Colleges In KARNATAKA From TODAY.❤️
Thank You So Much 
@xPpLvT9bbAQP @mglxLppSlyQuXU 
@gpmiLJTnZT5 https://t.co/Y_7q_55UDCJMUjtPuHDI"
798,TID_16914945977520320623,UID_6654859600819253460,आज दिनांक-26.01.2023 संध्या 17:30 बजे सूचना मिली कि मधुबनी टीओपी क्षेत्र में सिपाही टोला में एक व्यक्ति अपने छत के ऊपर किसी अन्य देश का झंडा लगाए हुए हैं। तत्पश्चात सूचना की जांच कराई गई। जांच में पाया गया कि उक्त झंडा एक धार्मिक झंडा है जो करीब एक महीने से वहाँ पर लगाया हुआ है।
799,TID_4154482979045897701,UID_9933676003412182416,Indignation unanime après l'agression d'une professeure à Créteil https://t.co/~ewJdGJnGMqV3yxUvjQC
800,TID_18091229591472242595,UID_4761892003599487280,"Sweden now has 61 ""no-go zones"" where the police basically have given up and allow what they call ""parallel societies"". 

Sweden has recently elected a new government that is promising to deport more and cutoff the fake refugee issue. We will see if they can turn it around. It"
801,TID_16634880265882760302,UID_9955474348158045978,"""The youth who are watching Facebook Instagram reels today will be given ₹1,00,000 khatakhat khatakhat!""

Pls work hard &amp; earn more. You have to feed stone pelters too.

Even Karl Marx couldn't explain it better.
https://t.co/vVjf2t_f3kdh3xJbMsql"
802,TID_309960245986157014,UID_14232568905400343474,"One video of Atique shoot out is circulated with Jai Shri Ram slogans. Beware it’s fake and dubbed 

It’s refuted by Police and media personnel present there. Few initials video also proves this"
803,TID_14518130583021158093,UID_17340016382813552807,"Today, the ""Guru Kripa Yatra Bharat Gaurav Train"" was flagged off from Lucknow by @lXOOthdxLxHIMi5, Deputy CM, UP, @ @wUjRuTNIbtE3IB4, Minister of Tourism, UP, @n4bDuDw5dOD1, Minister Agriculture, Agricultural Education &amp; Research, UP in presence of Sr Railway and IRCTC officials https://t.co/q4pY1MJ~1yQJLE_dt6~Z"
804,TID_1259885827232306364,UID_4184896301404083732,"Muskan Khan, an Indian Muslim woman who wears the hijab, is being praised for standing up to a far-right Hindu mob outside her college. A ban on headscarves in universities in Karnataka state has angered Muslim students across India, prevented Muslim women from attending classes https://t.co/~Il0yxiI8thHsbXHBhBa"
805,TID_2795997418993093996,UID_1436530283170074371,"Look at the condition of Hindu girls and women in Bangladesh,

 Jihadi Islamist youth patrolling the streets And the Hindu girls or Hindu women who are walking on the streets without burqa are being beaten badly. 

See how a radical Jihadi Muslim youth is beating Hindu women in https://t.co/P5qv3a~TmxHeXe0iD4S6"
806,TID_9631335532205709402,UID_6181229845994587284,"Atiq Ahmed और Ashraf की हत्या के मामले पर फूटा चश्मदीदों का गुस्सा, कहा: ये सोची समझी साजिश थी।
#AtiqAhmed #Ashraf #PrayagrajNews https://t.co/XNOvSRYUs-sAoF14HD-S"
807,TID_7219048060584599929,UID_7286470334930969094,"PM Modi be like, ""I need new haters, the old ones have become my fans..."" https://t.co/uMcE~k54fGDCGwaxyKb5"
808,TID_8376303901562600226,UID_5770146241516388118,"ये लो साहब राजस्थान का चुनाव परिणाम आ गया 

गहलोत जी पैकिंग शुरू करो https://t.co/soaP1ptXGZCw1uaTVIpf"
809,TID_766973438832172743,UID_12962784540579661611,"ED recovered Rs 19.31 crores of cash in the raids conducted today at several locations linked to IAS Pooja Singhal. It conducted raids at including Ranchi, Mumbai, Delhi, and Jaipur: Officials"
810,TID_1487688892677956463,UID_8526810416354889225,"Morning musing: Of all the deplorable justifications to the brazenly divisive Kanwar Yatra order which is de facto an economic boycott , the one that is most troubling (and offensive) is to suggest that the food habits and places of a particular community are unhygienic!  Fact"
811,TID_9884599078149342599,UID_4014169198652003534,"శ్రీవారి లడ్డుపై అసత్య ప్రచారం చేసి అడ్డంగా దొరికిపోయావు.. అయినా సిగ్గులేకుండా మళ్లీ ఫేక్ వీడియోతో మొదలెట్టావా? 

@sbUPIna గారు సతీసమేతంగా పూజలు నిర్వహించిన అనంతరం తీర్థ ప్రసాదాలను ఎంత భక్తి శ్రద్ధలతో స్వీకరించారో నీ పచ్చ కళ్ల జోడు తీసి చూడు @fYx6Kw

నీకు అనుకూలంగా వీడియోను ఎడిట్ https://t.co/HBqBBU54s8m:H3po3ydS"
812,TID_8263094837337022593,UID_4745783240427960352,London is beautiful❤️ https://t.co/zOZLQI80_aEFchL8w2ju
813,TID_8806866550431112612,UID_3164600521869632077,An 8 year Ukraine girl confronts a Russian soldier telling him to go back to his country. This is courage simplicitta. https://t.co/nzi5YthXyhS26dPOH467
814,TID_14292334529949557278,UID_16785876228168828704,"Eight police personnel and one civilian had got injured in clashes. They were rushed to BJRM hospital.

https://t.co/hcPDxsStKIy2nkMWE_NF"
815,TID_7837283868559300103,UID_14665553033315841075,"तमंचा और शिक्षिका पढ़ के हमें पहले लगा @cHIyZ6YxdM जी हैं, फिर पता चला सलमा बेग हैं।"
816,TID_8766794028187188877,UID_5407918225690890582,"Narendra Modi, AB Vajpayee, LK Advani, MM Joshi &amp; Rajnath Singh in BJP Parliamentary Board's Margdarshak Mandal.
http://t.co/6C8X~b4vzD-qXbQwe~Bs"
817,TID_3163637546945286290,UID_10918075666601538461,BOOM.  https://t.co/rDse:Gnadrfp87utTU~7
818,TID_16671733134896754070,UID_10626633248852162191,"This is called Nation State.
Canadian government has banned RSS and has issued orders to its workers to leave Canada. https://t.co/Hcuhb92UE7UUQtHzVscr"
819,TID_6702676585720437242,UID_10536760181070724631,"यूक्रेन में लोग कड़ाके की ठंड में युद्ध को रोकने के लिए प्रार्थना करते हुए।
#Ukraine
#UkraineRussie
#StopWar https://t.co/yHlPkReVrD_T6ILL3NUf"
820,TID_11940459574339088206,UID_7432042235827207923,रुझान आने लगे है #फ्लॉप_हुई_पठान https://t.co/1~PNIivjYWPMwvYWiQgX
821,TID_899101667129523119,UID_5738103343123188275,"बुलंदशहर में ज्वेलरी शॉप लूट के आरोपी अब्दुल को खुर्जा पुलिस ने किया 'ढेर' 

यूपी में योगी जी का साफ़ संदेश है, कि 'अपराधी' या अपराध छोड़ दे ,, या 'उत्तर प्रदेश' छोड़ दे।

बाबा जी Rocks 🚩

@lHpBcznqBTSf0aQ @cqKUU https://t.co/qNEpT8TdnKgVceLqt_Ow"
822,TID_17069219013856427733,UID_3402498411656322345,This is a picture of a railway station in Kerala specially decorated for Onam. The flowers near the tracks are real and have been planted specially for the occasion. Onam being celebrated from 20 August to 2 September https://t.co/GwV-yA9~syCEW9dpnhSL
823,TID_3906135787032267580,UID_13544839746018680039,"FIR Registered by malvani police malad for offences u/ sec 354,509 IPC against almost 15 persons (Twitter handles)who tweeted with malafide intentions to outrage the modesty of a women and making derogatory remarks . Cyber cell will also take action .@od5RaNueyQw4wa @mZFW8AK3 https://t.co/3-qtSI6CvA7ZD17_4Tj2"
824,TID_8182320289719571101,UID_3164044745829612727,"पाकिस्तान के समर्थन में पाकिस्तान जिंदाबाद के नारे लगाने वाले युवक के साथ #UPPolice लठमार होली खेलती हुई 😜
#HappyHoli https://t.co/7K4wwtNgqlt7rOJS2D~A"
825,TID_13219103860974765077,UID_9720047165893274696,"Watch: Italian PM Meloni welcomes Indian PM Modi at G7 Outreach summit with a ""Namastey"" https://t.co/3SLolAAUKOF5cTNR3oPl"
826,TID_555100415734022549,UID_4833062874848241527,Here is how the Lander Imager Camera captured the moon's image just prior to touchdown. https://t.co/gRO7OAV80Ee3DTetDBgF
827,TID_14116414368141181872,UID_11127520173461752622,"یہ باپ اپنی بیٹی کی قبر پر ڈانس کر رہا ہے کیونکہ اس نے اس کی شادی پر ڈانس کا وعدہ کیا تھا۔ نے ایران میں حکومت کے جبراً حجاب پہنانے کی مہم کے دوران یہ لڑکی پولیس تشدد سے شہید ہو گٸی تھی۔
#IranProtests2022 #IranProtests #IranianLivesMatter 
#IranRevolution 
#IranRevolution2022 https://t.co/Zddh3_A6ZFancjgMiw1n"
828,TID_10376910317272219610,UID_784460930964767297,हिंदुस्तान के राजा शाही इमाम ज़िंदाबाद। https://t.co/mk3Sc645dKEbndmed8el
829,TID_4252813654907569518,UID_6691599320194233092,"Tamilnadu Police has established new heights of Freedom of expression!

Should I post that video here? https://t.co/9HpcB6u3BeO4_71lzAm~"
830,TID_11181859387805994018,UID_16075782395264997692,"#SupremeCourt issues a statement regarding a fake-news being spread in the social media falsely quoting the Chief Justice of India.

Law authorities are taking appropriate action in this regard.

#SupremeCourtofIndia https://t.co/AyrQL-xpisv:aUxw00F9"
831,TID_513378585431595790,UID_15807299330841466009,"فيديو متداول ..
.
إيقاف شخص غير مُصرح له حاول تقديم خطبة في أحد جوامع ينبع.
.
#خطيب_ينبع_المخالف
. https://t.co/W_16N8I2wQsD96ROYjW3"
832,TID_3605592812159846792,UID_6748486974609766855,"ALERT:
A religious scholar, Maulana Muhammad Amin was critically injured in a firing raid carried out by unknown assailants in Barkambakhel area, Bara, Khyber tribal district, Khyber Pakhtunkhwa. 
“He has been shifted to hospital,” Police. https://t.co/kZ~DIneTEHisC5JutS~4"
833,TID_7882496178812585559,UID_429126663724415841,"This is the moment the 14-storey al-Shorouq tower, housing media offices in Gaza City, was completely destroyed by multiple Israeli air raids on Wednesday. https://t.co/CaAN:lDEHvxcJatIrTvZ"
834,TID_14561413600272138859,UID_2315948159877386029,Shri Ramayan Yatra by deluxe AC Tourists train to promote the religious tourist https://t.co/EJzWu48TtcZXh2H1OcXE
835,TID_747054283130539380,UID_10973423247685758221,"Palestina, o la enorme industria del odio y la mentira.
#Pallywood https://t.co/xnujdikrATIE:pSPY593"
836,TID_17971230932866664297,UID_14175262938273781605,"@qr5_wfBG46 The Woman is not a Hindu but from Muslim Community, and is struggling with Mental health issues, Here's a statement by Masjid community center.
https://t.co/~BXpQZnb93ZvQgu6lDg2"
837,TID_5209832699950615360,UID_5070372428928987139,"Heartbreaking 💔 
Iranian father who promised to live long enough to dance at his daughter's wedding ends up dancing at her funeral after she was killed by the Iranian morality police for not covering her hair
#IranRevolution2022 #مهسا_امینی #koya
https://t.co/4BKuPzsgPNPOgMoGDjB8"
838,TID_8537458062831496212,UID_12962784540579661611,"#WATCH | A clash broke out allegedly  between TRS and BJP workers, on the last day of the Munugode by-election campaign, in Telangana's Nalgonda https://t.co/K1BU8_r-DSfhKNFUE~I6"
839,TID_15965864987344139794,UID_16144205912333529448,"Pls note: This is a video from earlier this year and I had formal access to this entire event and that's how I had filmed it 

This video is not from tonight!"
840,TID_8357885123800659058,UID_17369823873210611448,The comment in the tweet is wrongly attributed to NDTV. No such remarks were made to NDTV by Sunil Gavaskar. https://t.co/UCYiM9VtFgo53ipu0NrN
841,TID_16897971348627878861,UID_16727169894217677005,"This is not Waheeda Rehman. She is Sunila Ashok, a dancer and former teacher. She has a YouTube channel. https://t.co/g45SIqhwHVB8_RLQhLq-"
842,TID_7256431752017848082,UID_16756476407715312439,"RIGHT NOW: Iran’s parliament is chanting “Death to Israel! Death to America!” as their terror cells massacre Israeli women and children 

This is the regime that JOE BIDEN just gave $6BILLION &amp; a pathway to nuclear weapons too 

Pure evil 

 https://t.co/8PMUbkswC5EA2yh2RZEL"
843,TID_17872992126921498055,UID_5478367285872599145,Searches resulted in detection of Proceeds of Crime amounting to Rs 600 Crore approximately at this point of time .
844,TID_431085438750589671,UID_4790057354456701197,"🚨 US MILITARY SENDING HUGE PLANES FULL OF HEAVY-DUTY EQUIPMENT TO ISREAL 🚨

A plane carrying advanced armaments “designed to facilitate significant military operations”  has arrived At the Nevatim Airbase in southern Israel, the Israel Defense Forces said.

“We are grateful for https://t.co/K2cyPxBIP6xq7_CRFbTT"
845,TID_7271959086627784320,UID_5267994246814192713,"आधी रात को कानपुर की गलियों से आती हुई उह, आह की आवाज़ 🤲🏾😂 https://t.co/l9~BE7MgkE1r1jlldqBF"
846,TID_17004735761193573713,UID_11435899562741584793,"Today, I addressed the @sZ General Assembly and spoke out against the baseless, one-sided, and outright false accusations from the Human Rights Council's annual report. 1/8 https://t.co/qaQa:cSY7Sibt7PKB8hr"
847,TID_11399808728081953954,UID_6825962824015930822,"ये देखिये जो महिलाएं मजारों-मस्जिदों में इलाज़ कराने जाती है,उनका ऐसा इलाज करते है ख़ुदा के वंदे... https://t.co/M99dcubTZx:wzTTGeMNq"
848,TID_1272075062983478362,UID_14621634316766067776,ओवैसी साहब सही बोलते थे ये समाजवादी पार्टी के मुल्लाह मुलायम सिंह यादव नही है ये आरएसएस के हाफ चड्डी गैंग पार्टी के लोग हैं https://t.co/CiSfayIoFUtpjccG2q-k
849,TID_9549480469586633164,UID_9638831933097934040,"Arrangements for visitors to Ayodhya - two rows of open Indian toilets, directly splashing their contents into an open deep trench latrine... 😎 https://t.co/jp9yGTEKyvvEtuU87JVR"
850,TID_4854165018076481837,UID_6112645017892658254,"Dear Rahul Gandhi wish you a very happy birthday. You are the most resilient, courageous and humble leader India has seen. You are the hero India needs but doesn't deserve. Just stay the way you are. Don't change.  #HappyBirthdayRahulGandhi https://t.co/J~h5s07g7KTpwgqb7D8b"
851,TID_2888324304862955225,UID_18285311868744860058,"आतंकवाद का नया अड्डा अलाहाबाद विश्वविध्यालय हाँस्टल के 25 छात्र बम बनाते पकडे गए,58 कमरे सील किए गए मीडिया खामोश बैठी है ,क्योंकि पकडे गए छात्रोंमे एक भी मुस्लिम छात्र नही है ! https://t.co/QdZl:UgnGi5eymOrPyqP"
852,TID_11562063097603887090,UID_8531440118139458468,"At her age of 85, Waheeda Rehman jee is dancing with same grace and elegance👏👏👏 https://t.co/TgMuvnxLilio9jJeJCHS"
853,TID_4901665762906274192,UID_1436530283170074371,"यह वीडियो इन दलालों की पोल खोल रही है 

एक महीने तक बॉर्डर पर बैठने का रेट पर बहस हो रही है सामने वाला व्यक्ति ₹40000 बोल रहा है लेकिन जो दलाल पैसे दे रहा है वह कह रहा है यार एक महीने का 35000 ठीक है तेरी खेती बाड़ी तो वहां मजदूर कर ही रहे हैं तेरे को बस यहां बैठता है खाना https://t.co/HC8xdPMlGBRxlG9w4Ubt"
854,TID_2850408879009274738,UID_4420392067974218258,"@kixE4jqVKFI3SuK बेरोज़गार नहीं बहुत खुशहाल है पूछ के देखो। चार बीबी सोलह बच्चे भरपूर परिवार। क्या फ़िकर है ? मोदी जी ने टैक्सपेयर की संख्या बड़वा दी अब लगभग आठ करोड़ टैक्स दे रहे है तो पंद्रह करोड़ को मज्जे करने दो। भारत बहुत ही सहिषुर्ण देश है 
कमल खिलाओ सुखी हो जाओ 🇮🇳🇮🇳🇮🇳🪷🪷🪷🙏🙏🙏🚩🚩🚩"
855,TID_17720415258743457912,UID_7519368420580621151,"BREAKING:

The 🇸🇦Saudis arrested an Imam who called for a war with Israel.

Saudi Arabia and Jordan are now protecting and helping Israel more than the US itself. https://t.co/o_v5VZjYTv0sK5beBgVy"
856,TID_16420880564898700790,UID_600412749948144083,"तेलंगाना के मुख़्यमंत्री के K चंद्रशेखर राव ने बॉक्सिंग मे गोल्ड मेडल जितने वाली @ibh5Q5svHpO9m   निखत  को पचास लाख इनाम दिया, मोदी सरकार को चुल्लू भर पानी में डूब जाना चाहिए https://t.co/xXI3wjZacZfHbPAprrGg"
857,TID_4349132535396889914,UID_7230461346597832385,सुदर्शन न्यूज़ के रेज़ीडेंट एडिटर मुकेश कुमार का गुरुग्राम से दिन दहाड़े अपहरण हुआ है। वह मेवात में संघर्ष कर रहे हिंदू कार्यकर्ताओं को मदद करने पहुँचे थे। गुरुग्राम के सेक्टर 17 से हट्टे कट्टे गुंडे उनको कार के ड्राइविंग सीट से खींच कर उठा ले गए हैं। @hoMEOwqNI @p55FvP4du https://t.co/VDSNs4ai9rn9tZUJ6hCK
858,TID_14975049711318065178,UID_12145329754922030489,"Today, Nitish Kumar and Lalu Yadav met at their residences. 

This is the second meeting between Nitish Kumar and Tejashwi Yadav in the last 3-4 days.

Khela Hobe 🔥 https://t.co/FT3c6-VE~P3Ppdce-BG:"
859,TID_2252849172369060942,UID_5321728043551226024,"Remember Bhupendra Jogi ?

He made a funny video/ reel on Dhruv Rathee. Many Islamist accounts on Instagram abused and threatened him.

Yesterday he was stabbed by two boys.

He got 40 stitches. He is stable now and going under treatment.

Usual suspects!! https://t.co/9fNoj3FLoe-QEU:KEBDt"
860,TID_14425633879462164800,UID_17902361509033078820,"केंद्रीय मंत्री अश्विनी चौबे प्रेस कॉन्फ्रेंस के दौरान फूट-फूट कर रोने लगे. दरअसल बीजेपी नेता परशुराम चतुर्वेदी के निधन की खबर सुनकर अश्विनी चौबे अपने आंसू नहीं रोक पाए.
#ATDigital #AshwiniChaubey #ParshuramChaturvedi #BJP https://t.co/V7CelQe-IyCX4Ln0WZt5"
861,TID_9255965107557285712,UID_18178755826423612804,"मित्रों....
आपके सामने प्रस्तुत करते हैं....
नये वैश्विक हीरो, बुद्धूजीवी - लिब्राण्ड - एलीट समाज के नये जीजू, महान योद्धा, विश्व की धुरी, घोड़ा-गार्लिक....
यूक्रेन के महान राष्ट्रपति - वोलोदयमिर ज़लेंस्क्य!
अकेले पूरी रशियन फौज का डट कर मुकाबला करते हुए।
नमन है, साष्टांग!😍😂😂 https://t.co/ghAOjckLNisoYic0iXyg"
862,TID_14151665461194721902,UID_10547809462131055726,Today at Sanpada station. @cCSc https://t.co/K7ixgj0Q_IJ~3JdssWs_
863,TID_8792078764131459952,UID_14677215522160793446,@fxChlv4B6d @ex0zMECKBlo2J @xkl_6lVRzvmE Sr vice president Allen CR Choudhary today reply on matter https://t.co/xReO-k_iPSrTxLo4vNeV
864,TID_245863952340025619,UID_3013349204384593845,Cultural enricher urinates on pork in Netherlands. https://t.co/fSGpxWBSejRuUWn~kQuK
865,TID_16481042145059930722,UID_881751391204489703,"ये सज्जन खुलेआम हिंदुओं के अधिकार और संपत्ति छीनने की बात कर रहे हैं। 
यह बहुत डरावनी मानसिकता है। https://t.co/Rem6co1UrA-6DLS:Ehuk"
866,TID_8224316332743766185,UID_14205818854023794970,"Hindustan Times used an AI generated image of the Tunnel Rescue posted by a random twitter account and added caption as ‘rescue official pose….’  

The state of “journalism” in this country. https://t.co/HE1-5qve:EynLcX_zaEg"
867,TID_684569372963460120,UID_10983203850948502481,"Karnataka state 10th standard exam time table released. All the exams in the morning session but for Friday. Why? 
Oh.. time for Namaz? https://t.co/yP8S6zLxrilDsQeBdW0c"
868,TID_562052913727250555,UID_6162400997795746884,Left promoting Modi Govt infra work 🙌😂
869,TID_322210606074340143,UID_8335118508725437449,"@fuCUKekATI Good one. But he is Prof. Mohan Gopal, Vice Chancellor of National Law University, Bangalore"
870,TID_16764871187222126325,UID_12962784540579661611,"#WATCH | Shimla, Himachal Pradesh: Shimla SP Sanjeev Kumar says, ""For the past some time, misleading propaganda has been carried out on social media. Legal action can be taken against those who engage in this type of propaganda. Action has also been taken against some people... https://t.co/v6Ph6RMZs4rhE_NE4utS"
871,TID_244834212732100156,UID_16449064339785997386,"आसाराम और राम रहीम के बाद एक और बाबा मैदान में जुग जुग जिया हो बाबा
@hU_U8aJo_T
@xOOIJpsfQeH7c
 😂🤣🤣 https://t.co/rCV6l:IT6v3tt2gtcm_1"
872,TID_2507388799042977140,UID_1755654928160402559,"صورة من عرض عسكري للقســ ــام في النصيرات وسط قطاع #غزة 

#فلسطين_تنتصر https://t.co/afS7hgjhiACKy76YHR_j"
873,TID_17560699659827772315,UID_14773787434617951305,"थाना मदनपुर क्षेत्रातंर्गत एक पीड़िता द्वारा अपने ही परिवारजन (ससुर, देवर, सास, ननद आदि) के विरुद्ध लगाए गए कतिपय आरोपों के संबंध में थाना मदनपुर पर सुसंगत धाराओं में अभियोग पंजीकृत करते हुए मुख्य अभियुक्त की गिरफ्तारी किए जाने के संबंध में #SPDeoria की बाइट। https://t.co/xwUvk6N-vP-oNveiFMra"
874,TID_10206646078937559109,UID_10202309263173179681,आतंकवाद का नया अड्डा बना #इलाहाबाद_विश्वविद्यालय हॉस्टल 25छात्र बम बनाते पकड़े गए बड़ी खुशी की बात यह है एक भी #मुस्लिम_छात्र नहीं तो गोदी मीडिया खुब ढिंढोरा पीटती https://t.co/2x4k2tC-OifbcGQBNESa
875,TID_12005732144590565854,UID_696375359954562633,Sunil Gavaskar putting his retirement life on line in front of 1.2 billion mob-lynchers is highly appreciated. Hope his media contracts aren't affected after speaking truth on national television.
876,TID_4195571094737480609,UID_3013349204384593845,Cultural enrichment in Sweden. https://t.co/fmd_-_IOFZgHah6hi0Rh
877,TID_9574654713480491944,UID_5930793695342767842,"New number plates. 22 is the yr. BH is for Bharat. Then the veh regn number. A is the veh segment. The advantage being that the veh can be driven in any State wo the hassles of re registration. One rd one tax. 

Jai Hind https://t.co/O5~VSG0IjOCpu6k1AHb9"
878,TID_3151658894358328770,UID_14016812620203982752,കാസർഗോഡ് നന്ദാരപ്പടവ് മുതൽ തിരുവനന്തപുരം പാറശ്ശാല വരെ 1251 കിലോമീറ്റർ ദൂരത്തിൽ 3500 കോടി രൂപ ചെലവഴിച്ച് യാഥാർത്ഥ്യമാകുന്ന മലയോര ഹൈവേ. https://t.co/ZX4iWv8CB3oIK6IuM8mF
879,TID_17205306086373467568,UID_16798991016793159190,Kejriwal: Inka idea ye hai ki kal front page p top headline honi chahiye ki Kejriwal n saara theekra Manish Sisodia p foda.
880,TID_1099072645923899574,UID_8666618674324647248,"पाकिस्तान में सरदार का ये हाल है
और यहां का सरदार मुल्लों के साथ मिलकर खालिस्तान का ख्वाब देख रहा है https://t.co/L5aw-ufEVRYBKKs1qtEn"
881,TID_4865560950293685241,UID_1197069537944085548,Dr. S Somanath &amp; ISRO team dancing their hearts out… celebrating the grand success of #Chandrayaan3 🇮🇳♥️ https://t.co/5jZr5J6-H3WCCxdGM:mT
882,TID_249347627422777510,UID_17752157775617335218,Proper comedy !! 🤪😂 https://t.co/hQNeHjK4nITSHgaDYVKj
883,TID_2628001248104728498,UID_17496439411842675590,Bangalore cloud burst timelapse gripping video of 04 Sep 2022 as claimed #bangalorefloods #bangaloreflood #bangalore #timelapse https://t.co/JmwOenCNbdepd1Bqq-5T
884,TID_8430882689017803213,UID_2951914537290555564,"6 months ago @gpmiLJTnZT5 went to UK &amp; met the BBC producer.

A picture is worth a thousand words!

#BBCdocumentry https://t.co/Ijf9kMBJWaKimpjqiROH"
885,TID_12970774821216197897,UID_15755354681649907206,"केरल के वायनाड में राहुल गांधी और प्रियंका वाड्राइन ने चार साल पहले हिंदुओं के बड़े मंदिर श्रीसीताराम मंदिर पर मुसलमानों का कब्जा रजिस्टर्ड करा दिया था 😡
अब तो कांग्रेसी ब्राह्मण क्षत्रिय बहुत खुश हो चुके होंगे 😭😭
सब लोग भाजपा को ही वोट दें 🙏
@hsNk78ke @bgduIEsBbIfYLTS https://t.co/TX5g_Jj1vd0bh5FSW4aA"
886,TID_9459139070124952841,UID_3741806599995676069,"#Chandrayaan3 #PragyanRover will ‘leave a mark of India’ on Moon surface, quite literally
It will leave an impression of the Indian national emblem and @e_8L logo on the surface of moon.

As there is no air on Moon, these marks will remain for a long time, maybe forever
#NASA https://t.co/13qHY_on7rrfg_Osb9tW"
887,TID_9915467175773651543,UID_8758072357915215149,"తిరుమల లడ్డూ ప్రసాదంగా ఇస్తే, వాసన చూడటం వదిలేయటం. ఇంట్లో గుడి సెట్టింగ్ వేసుకోవటం, అక్కడ తీర్ధం ఇస్తే తాగినట్టు యాక్షన్ చేసి కింద పోసేయటం. ఏ నాడు సతీ సమేతంగా పట్టు వస్త్రాలు ఇవ్వక పోవటం.  గత 5 ఏళ్ళ వ్యక్తిగతంగా కూడా స్వామి వారిని అపవిత్రం చేసాడు జగన్ రెడ్డి https://t.co/by3xFGM2Z_N:ShAZqPy:"
888,TID_3740808275300084145,UID_11545159017375607792,"Not a 'Brahmin' 
Not a 'Kshatriya' 
Not a 'Vaishya' 
Not a 'Shudra'

Just an Ocean of Hindus
arriving from Nepal to Ayodhya for
#RamMandirPranPratishta  🔥 https://t.co/Gezk4:wq2eeeT3bDMG5F"
889,TID_2453530968472666192,UID_3977066476191701842,"When the ""Gaza Ministry of Health"" tells you how many casualties there are... https://t.co/:JBNLuh82e6jJwWIt34O"
890,TID_9346756274886389215,UID_5638244158186253602,"जयपुर में बारिश का कहर
पानी का तेज बहाव लोगों को भी बहा रहा है...!
#Jaipur https://t.co/ioBpZ:2TKvWaHLQ~Rr:Q"
891,TID_4563938852783485381,UID_775572198074498381,"తిరుమల లడ్డూ ప్రసాదంగా ఇస్తే, వాసన చూడటం వదిలేయటం. ఇంట్లో గుడి సెట్టింగ్ వేసుకోవటం, అక్కడ తీర్ధం ఇస్తే తాగినట్టు యాక్షన్ చేసి కింద పోసేయటం. ఏ నాడు సతీ సమేతంగా పట్టు వస్త్రాలు ఇవ్వక పోవటం.

గత 5 ఏళ్ళ వ్యక్తిగతంగా కూడా స్వామి వారిని అపవిత్రం చేసాడు జగన్ రెడ్డి https://t.co/CvA2DJTTee:T1hJeuuD_"
892,TID_16014692728932592177,UID_5955324574898540816,"देखो हिन्दुओ विकास पाठक ने अपनी माँ-ज्योति पाठक से शादी करके बीबी बना लिया!😮

और तुम हलाल। के नाम पर मुसलामानों को बदनाम करते हो 🤮

सूचना= वीडियो सेव जरूर कर लेना!! https://t.co/XB6T_t5ofPVI0CjUVTUQ"
893,TID_2728179853064260522,UID_3107297551598473912,"😱😱😱

As expected ! 

Aisa koi Saga nahi jisko Kejriwal ne thaga nahi 🫢 https://t.co/61KfgDAF:kXL~ytrchwS"
894,TID_16582736785763909826,UID_737185269183090787,"ક” કમળનો “ક”તો બરાબર ઘૂંટ્યો પણ “ક્ષ શિક્ષણનો “ક્ષ”એવું કોઈએ ભણાવ્યું નહિ !
૯૦૦ યુનિવર્સીટી અને ૪૦ હજાર કોલેજોના આ દેશમાં શિક્ષણ એક કોમોડિટી બની ચૂક્યું છે જેના ખરીદદાર અને વેચનાર બંને બેશરમ છે.
પેપર લીક,પરીક્ષા ચોરી, નકલી ડિગ્રી સર્ટિફિકેટ જેવા વાયરસથી શિક્ષણ વ્યવસ્થા ત્રસ્ત છે. https://t.co/-JY-crZhE5fjuzRJFcyH"
895,TID_6221520992813070082,UID_5770146241516388118,"राजस्थान के मुख्यमंत्री जी कह रहे हैं , राजस्थान की जनता त्रस्त है …किससे ? https://t.co/XeU1fEOSM7zl8EjTc8SX"
896,TID_3423302347373829132,UID_12962784540579661611,#WATCH: Rs 2.30 cr in cash stuffed inside the spare tire in a car seized by Income-Tax officials. The cash was being transported from Bengaluru to Shivamogga. #Karnataka https://t.co/GDTwPDBUX0w5XNjiYQj7
897,TID_11491942795880693746,UID_4101534948045607381,"@pkKXoaX उक्त प्रकरण के संबंध में थाना स0अकिल में अभियोग पंजीकृत कर 01 अभियुक्त को गिरफ्तार कर जेल भेजा गया है शेष अभियुक्तों की गिरफ्तारी हेतु दबिश दी जा रही है, पीड़िता की गरिमा, मानवता एवं भविष्य को दृष्टिगत रखते हुए उक्त ट्वीट को तत्काल डिलीट कर देंl"
898,TID_1839025939786534413,UID_3690542437973638009,"This is your woman's boxing Olympics gold medalist Imane Khelif . This is not A.I , this is real... https://t.co/kojpU17ZjoDDt5LbuG7C"
899,TID_16852033047848996785,UID_14977704358396608342,ट्रेन No-12804 में रास्ते का अतिक्रमण कर 5 बार नमाज पढ़ने के चलते हिन्दू यात्री को टायलेट जाने नही दिया ..जवान ने मंत्र जपा तो बेहरहमी से पिटाई करी...ट्रेन में होने वाली इन जाहिल हरकतों पर रेल प्रशासन रोक लगाएं @sBgUllRpcMPa  @o8F2XJjGr https://t.co/:U-pjvQIi_Q-mde9DuYK
900,TID_9677227729652244640,UID_9754755675153642306,"Ukrainian Christians pray outdoors, in the snow, for their country in this phase of war danger. Let's pray for people in #Ukraine in these particularly critical times; may God grant wisdom, discernment, strength, courage, protection to the authorities and to the whole population! https://t.co/uHahdxiAsXAH2T:AvqCs"
901,TID_10316521954827293017,UID_3702153409644832953,"नेताजी को सादर नमन के साथ, हम आज का नामांकन उनके सिद्धांतों और मूल्यों को समर्पित कर रहे हैं। 

नेताजी का आशीर्वाद हम सबके साथ हमेशा रहा है, हमेशा रहेगा। https://t.co/9AWmr7LadAfj4rFndB:0"
902,TID_5143315062718765218,UID_2516474699236372807,"Body Chopped Into 35 Pieces, Disposed Across Delhi Over 18 Days At 2 am https://t.co/thOvmdVkHokf6wof8aAB https://t.co/Lx564tptQt1fYkwo0tsZ"
903,TID_588071307876060040,UID_6941316136363333138,"JUST IN: Coaching Centre After performing the namaz, Hindu children began shouting ""Jai Shri Ram"" in unison.

This video of Allen Coaching Institute in Kota is being reported. https://t.co/j_Hkya57zh7hlbdKEsUA"
904,TID_8236185841456978871,UID_8115699301725349308,#ataltunnel से कैसे जाओगे निकल.. !! https://t.co/r5IEj4aGbk4r2cCY4Reo
905,TID_15283576981958011797,UID_6200822895972596244,"I haven't seen a wave of masses like this before in Bengal. I bow to your this love and affection: PM Modi in Kolkata.

More than 4 lakh people were present at PM Modi's rally in West Bengal today. https://t.co/W290VpdXyqIJE29iW-eE"
906,TID_13428408491401091453,UID_8023853640268720558,"मुख्यमंत्री जी, राजस्थान के अंदर जनता तो त्रस्त है ही।

लेकिन इसकी जिम्मेदार भी तो कांग्रेस ही है न! तो इसकी जिम्मेदारी कौन लेगा; आप, सचिन पायलट जी या राहुल गांधी? https://t.co/2FbH5CBg_F4v2pm8pz5M"
907,TID_8018958252718855991,UID_767367275415366977,"En este momento muchos pensamos que era la mama de Messi que se venia a fundir en un abrazo, pero no, en realidad es aún más importante...
Es la encargada de cocinar las milanesas napolitanas a toda la selección Argentina.
🇦🇷🏆👩‍🍳Antonia Farías, campeona y cocinera.
#Quatar2022 https://t.co/_7WHP3zdvfjkvr144Ke5"
908,TID_8393009061617684987,UID_11958809437685456912,*केजरीवाल की भविष्य वाणी शत प्रतिशत सत्य हुई ! 2019 पार्लियामेंट चुनाव से पूर्व कोलकाता मे केजरीवाल  - अगर मोदी जीत गया तो पाकिस्तान  बरबाद हो जाएगा ।* https://t.co/n:BL8WqyobbqJQKb1KBY
909,TID_6660459799416580694,UID_7446287389509577364,"அமெரிக்கவில் தமிழ்நாடு முதல்வர் முத்துவேல் கருணாநிதி ஸ்டாலின் 

#CMStalinInUSA https://t.co/v:PJo_~ItuzDgT7G84Zg"
910,TID_9899815497156756351,UID_14768569540309400530,"Fake News Alert

TIMES NOW नवभारत की ब्रैंडिंग के साथ आरक्षण खत्म करने को लेकर सोशल मीडिया पर फैलाई जा रही है ये #FakeNews

@ob1HlKNQRLy ने हरियाणा के पूर्व मुख्यमंत्री और दिग्गज कांग्रेसी नेता भूपेंद्र सिंह हुड्डा के बयान से जुड़ी ऐसी कोई ख़बर नहीं चलाई है।

अफवाहों से सावधान https://t.co/pjcREqFH2LtwdCA3TAiO"
911,TID_4551313127740739765,UID_4432904144859858355,🚨 A video of the Islamic Republic parliament where they’re chanting death to Israel and America. #IsraelPalestineWar https://t.co/OSPEJO9ANTC5jKH3bcSy
912,TID_16892950705528442823,UID_14754581341244184639,"इस वीडियो को इतना RT करो कि ये मुस्लिम सूवर जहां भी हो पकड़ा जाए😡😡 
#ViralVideo 
https://t.co/eGHpes7E3aS39Rv51H3P https://t.co/DzZExvNG4OX4mVHaZncd"
913,TID_4390658167177968908,UID_2169666580578198288,"एक दिन मे मुझे मिल गयी बेल... फिर से दिखाऊंगा सडक पे खेल, पुण्यातील बिल्डरपुत्राचा माज, अपघातानंतर चीड आणणारं कृत्य, बेल मिळाल्यानंतर शिवीगाळ करणारं रॅप साँग

(एबीपी माझा या व्हिडीओची पुष्ठी करत नाही, हा व्हिडीओ डीप फेक आहे का याचा तपास पोलिस करत आहेत)

https://t.co/yiZ_8all_h878C79~QQ~"
914,TID_2676846401092561137,UID_14915316185915089748,"Brutal attack on a Christian by a Hindu mob in India, 

A country where mob lynchings are on the rise.
 https://t.co/ixd21slqQFOd9F:NLac_"
915,TID_12913136258173800919,UID_8367003381714462844,"बिहार: किसानों की बात करते हुए फफक-फफक कर रो पड़े केंद्रीय मंत्री अश्विनी चौबे, कहा- बहुत दुखी हूं https://t.co/OK2IzDxZNhw-M3iIrqEo"
916,TID_15267275385458897775,UID_12592591942042066082,क्या कोई कुकुर के स्थान पर शूकर की सिलुएट बना सकता है? https://t.co/djn4tcK6ZfeLfPBm6Im6
917,TID_3608962556232923566,UID_6162400997795746884,"Electricity officials are attacked by local residents in Karnataka when they came for meter reading. 

Residents says that they won’t pay from electricity now onwards as per Congress Guarantee 

 https://t.co/C:~EKEX4NEVyZ5ksplSI"
918,TID_1294129705160959449,UID_17297098467602129003,"भाजपा नेता हार्दिक पटेल को जनता ने भगाया..😂😂

गुजरात के लोग बहुत नाराज़ हैं भाजपा से... https://t.co/HXSPPcAdohs0Hv9OSHSM"
919,TID_1224580947659706431,UID_11434064116116262187,"Mahendra singh Dhoni didn’t go to Ram mandir Pran prathisthan after being invited but he has visited Gurudwara today during ongoing Farmer’s protest.

MSD is a man with spine who is still upholding secular values ❤️ https://t.co/WAwpXTfKR1EJ32J9xf6:"
920,TID_18164687249543152302,UID_11802113064875917221,https://t.co/MyLpXo4YjnAb~xV0Oj2o
921,TID_16037223907312884251,UID_12962784540579661611,"#WATCH Smoke rises from the territory of the Ukrainian Defence Ministry's unit in Kyiv

(Source: Reuters) https://t.co/vwhkhywncWsy2o0g7aBM"
922,TID_11352804284215589719,UID_16759729795804850407,"They attempted to set an on-duty police officer on fire.. These #Hamas supporters are behaving worse than animals..

#HamasislSIS #Israel #HamasTerrorrists #Palestine #Gaza #Pakistan #PakistanGazaMarch https://t.co/1edfIvtbItoon1G7nCsF"
923,TID_11553743489605477966,UID_4728760014917905863,"ये पाकिस्तान या बांग्लादेश नहीं है

ये इराक ईरान या अफगानिस्तान भी नहीं है

                   अपना मुंबई है
जहाँ मुसलमान अपनी ताकत दिखाने को
                सड़कों पे निकला है

सोते रहो हिन्दुओं 🖐️ https://t.co/yhESkhfByCot5nxbZteO"
924,TID_1292831319513243833,UID_365233742769452114,"Italian PM Message to Hindus for Ram Mandir ❤️

@vgdH43nXlFuWf https://t.co/yoZih1Fr_4yn-0TVBLDM"
925,TID_7150461388985183124,UID_8511600536579613721,"अभियुक्त अंकित सिंह, सन्तोष कुमार, रोहित कुमार निवासी ग्राम आसो, जयकण्डी, रुद्रप्रयाग व गौतम निवासी ग्राम जाखन भरदार, रुद्रप्रयाग। इनके अतिरिक्त घटना में संलिप्त एक नाबालिग के सम्बन्ध में अलग से कार्यवाही की गयी है।"
926,TID_4428151937376651115,UID_16580014992820043964,"गोवर्धन परिक्रिमा मार्ग में अवैध रूप से अतिक्रमण कर बनी मजारो पर बुलडोजर चला कर साफ किया जा रहा है, यह काम करने की क्षमता केवल योगी बाबा में ही है!!
#योगी बाबा जिंदाबाद!! 🙏🏾

ये है आपके एक वोट की ताकत 🙏🏾 https://t.co/Vjwi9R5jLMk3f45fnSft"
927,TID_9657772225886260040,UID_4681736122367974688,Looks like CPI(M) has started promoting BJP government’s projects! 😂
928,TID_13023202356238124313,UID_3655857733838514208,On Shaikpet fly-over bridge of Hyderabad the two wheeler vehicles are slipping due to rainfall. https://t.co/q8Z~4slKbu9yU6c_RtVs
929,TID_5280196658883263689,UID_10420193132094302164,"जबरदस्ती प्यार:-पुणे में  जिहादीर ने एकतरफा प्यार में एक लड़की पर हमला किया,
 उसे मारने की कोशिश की लेकिन वहां मौजूद लोगों ने हस्तक्षेप किया और उस लड़के को पकड़ लिया और लड़की को बचा लिया।

पुणेवासियों को उनके प्रयासों के लिए सलाम! https://t.co/q4eYiibJv_qeODCuT07D"
930,TID_1974910915444111272,UID_16630413481792532530,"केरल में कांग्रेस समर्थित सरकार द्वारा मुस्लिम व ईसाईयो को ""मंदिरों में पुजारी"" के पद पर नियुक्तियों का नतीजा
😗🙄😡😡 https://t.co/G7vKuqivw1S3~EjOgRJU"
931,TID_16795214762108219623,UID_6632439410446665127,"थाना कोतवाली नगर क्षेत्रान्तर्गत खेतों के बीच बने एक मकान में विस्फोट होने के सम्बन्ध में वरिष्ठ पुलिस अधीक्षक की #अपडेट बाइट।
@gDiS1gyh @cqKUU @uu61lWRPzFXmO @dQ2be3CPyVGVy https://t.co/6H-x9LUOCy07sm775TEn"
932,TID_1395534534105313425,UID_13086019429289440165,"*ये हैं सौरव कृपाल* 
*SC के भावी न्यायाधीश*

*इनके पिता बी.एन. कृपाल*
*2002 में SC के मुख्य न्यायाधीश थे* 

*इसलिए परिवारवाद परम्परा के तहत*
*चीफ जस्टिस चंद्रचूड़ के लिए*

*समलैंगिक विवाह को मान्यता*
*अत्यंत महत्वपूर्ण है* https://t.co/-IPUAWhPTo4l6w1fpifO"
933,TID_5190926720250972246,UID_11173446655163780973,"কালিয়াগঞ্জ। 
এই গুন্ডামির পরেও পুলিশ সংযত ছিল, গুলি চালায়নি।
বামফ্রন্টের পুলিশ হলে গুলিতে মৃত্যুর মিছিল হত, যেমন হয়েছিল বারবার।
হামলাকারীদের গ্রেপ্তার চাই। যারা প্ররোচনা দিয়েছে, তাদেরকেও ধরা দরকার।
ধর্ষণের মিথ্যা কথা রটানো, উত্তেজনা ছড়িয়ে এই হামলা কঠোর শাস্তিযোগ্য। https://t.co/ZiKaBntG~h1y:1Rm55:F"
934,TID_1706377410071972928,UID_6964523502058136476,"मर्दों वाली बात 💪🏼

UN ने  इजरायल को २० पन्नों का मानवाधिकार उल्लंघन नोटिश दिया था। 

#Israel के प्रतिनिधि UN स्टेज पर आये नोटिश को हाथ में लिया और ये कहकर फाड़कर फेंक दिया की आतंकवादियों का कोई मानवाधिकार नहीं होता ⚔️ संपूर्ण विश्व इस तरह जिहादियों के विरूद्ध खड़ा हो तो https://t.co/wOS:ttKKGa_vYqAZ:rbE"
935,TID_12857914262572991709,UID_5920239913030578079,"उपराष्ट्रपति हामिद अंसारी रोज़ 12:00 राज्यसभा स्थगित कर नमाज़ पढ़ने व तक़रीर करने चले जाते थे। 

सभी सांसद उनके इंतज़ार में ख़ाली बैठे रहते थे,संवैधानिक कार्य बंद रहता था।

हामिद अंसारी कांग्रेस द्वारा नामित थे।

मायावती ने ये मुद्दा उठाया तो अंसारी जी का जवाब सुनिए? https://t.co/x:qLtFafxPodm5ZTZ8uX"
936,TID_5602011048696310474,UID_15961659503610532462,"Fulfillment of the dream of a girl from a lower middle class family ♥️ 

Andhra Pradesh's Jyothi Yarraji became the first woman to win gold 🥇 in the women's 100m hurdles category at the Asian Games. 💪 Congratulations our the Golden girl Jyoti. 🇮🇳 https://t.co/SYCG-UXR7_M4u5QibxiW"
937,TID_4476611964521806648,UID_14883065574371926186,"न मुंसिफ, न हाकिम, न हुकूमत, न अदालत
जो फैसला करेगा, मुसलमान करेगा.

क्या ये #HateSpeech नहीं है मी लॉर्ड ? क्या ये अदालत को इस्लामिक चुनौती नहीं है? क्या ये संविधान की जगह शरिया लागू करना फतवा नहीं है? https://t.co/ao9sk2-gb_Pq_ED4hnsg"
938,TID_15993671022710082238,UID_1125967744539343880,Hamas executes citizens who are suspected of collaborating with Israel by throwing them from the roof of a building! https://t.co/qWrjFc~Krj2cqQCrR9pc
939,TID_6340891726051622777,UID_8345528956453928881,"कुछ भी करो कमलनाथ को रोको @l0sjLknBpmHa_7

शिवराज ने मानी हार, बोले हम ₹1250 दे रहे थे…कमलनाथ ₹1500 देंगे। हम 450 में रसोई गैस का झाँसा दे रहे थे, वो 500 रूपये में हक़ीक़त में गैस सिलेंडर देंगे। वो दूसरे प्रदेशों में दे भी रहे हैं। https://t.co/8eY4AKAe2:_rMwbUDOjG"
940,TID_13557051698178328059,UID_5478367285872599145,"ED has conducted searches and survey at 15 locations in Nagpur &amp; Mumbai in relation to the investment fraud by Pankaj Mehadia, Lokesh &amp;  Kathik Jain. Unaccounted jewellery worth Rs 5.51 Crore and cash of 1.21 Crore has been seized. Further investigation is going on. https://t.co/c1XLtohF6Gctdu~4BRLr"
941,TID_16020756458297516006,UID_12437456557730033029,Aerial view of PTI protest out side former PM Nawaz Sharif residency https://t.co/mJdqlPFMQgLaDbh_fI79
942,TID_2358304828341840438,UID_2951914537290555564,"So, Shehzada @gpmiLJTnZT5 thinks he is bigger than the national anthem of our country.

He arrived late and entered the parliament just as the national anthem ended. https://t.co/D4sRo555qM~TXYTy14~7"
943,TID_5347985866334403465,UID_14126964927868363976,"यूपी के बुलंदशहर जबरदस्त ब्लास्ट, 4 की मौत

मस्जिद के पास रहने वाले मोहम्मद शफ़ीक़ के घर मे हुआ ब्लास्ट

घर से केमिकल से भरे ड्रम बरामद

आस-पास के मकान भी जमींदोज , मृतकों के शरीर के चिथड़े दूर-दूर तक बिखरे

  @v5GRCN5eLw6KS4 #Islam #quran https://t.co/Ak8sNNNljwajUAWw:j-~"
944,TID_16634056812196310223,UID_7286470334930969094,"ये भारत माता है कौन, है क्या, asks puppet of George Soros. Shameful. https://t.co/v3CrFxRdEsEP7TkkqHdF"
945,TID_2996513557782759349,UID_11446864466807792668,"RT @pVtAVkQQMalM ""There’s never been a time in the history of Earth that exterminating an entire population is acceptable — why in 2023? why the Palestinians? https://t.co/hhu9TzFwh3N2Rs4sVfb0"""
946,TID_7877057199011994842,UID_12623672601005615431,@dacPgACuc21fgcb https://t.co/qUjKLBg5rJ:0LO1RJChl
947,TID_13570712489457296192,UID_12008537348226001139,"Muhammad Moin Al-Din, 86 years old.
He sexually assaults a 7-year-old girl in an agricultural field.

This is an Islamic culture, and also Muhammad, the Prophet of Islam, married Aisha when she was 6 years old.

What do you think of people who believe in this culture? They live https://t.co/2LK-OWqzApGBIVhZOwen"
948,TID_12310176142304531435,UID_5836920957565403461,"आज की शिक्षा देकर पैसे ओर कमाने का जुनून दो या ना दो ..... पर धर्म की शिक्षा जरूर दो हिंदुओ वरना बर्बाद हो जाओगे…🙏🙏

कार के पास काले बुर्के मे 22  साल की चार्टेड अकाउंटेंट लड़की हैं जिसने अभी अभी कोर्ट मैरिज की है । उसी के पास लाल ड्रेस में मां रो रोकर लड़की से गले लगते हुए https://t.co/egGb2wr16~2QuniuWSxM"
949,TID_14851554082334390381,UID_17850836400802309587,"@sEbzTSzn7icu5K Fake identity.......
Gujarat ka video he ......
Aadivasi community ka insan he ......
Daru pi k dhamal macha Raha tha .... https://t.co/1WLP4q28:42~sqdvXRvC"
950,TID_10958127671237632313,UID_3779451950238445523,"#TheKashmiriFiles फिल्म देखकर रोने लगे,
 परम पूज्य #योगी_आदित्यनाथ_महाराज जी
सब का हिसाब होगा 😏😔
@lHpBcznqBTSf0aQ 
@pI7xygtb7ey https://t.co/Ei05LDXEMwnS1EPHvqkr"
951,TID_1522264975436203250,UID_14324466269278276431,रतलाम में #lockdown #Lockdown21 का उल्लंघन कर सामूहिक रूप से नमाज पढ़ने पर पुलिस की कार्रवाई #Covid_19 #coronavirus #StayHome #lockdown @lSGGCpiQM @oajlyoFb3UTH8 @jpLJRNGw_0 @vODo2FyYOqmU @ro7gRSMvBzLpjRZ @ejlE1R3Uy51Pt https://t.co/x1Y7y7EQrlK16gO:z7un
952,TID_16449002175681914598,UID_2484892972509202564,अमृतपाल की बात सटीक लग रही है गहलोत को https://t.co/NFxWfODCrAeyGO_-pHfY
953,TID_11184620855343479761,UID_1077582243259493726,"अंदाजा लगाओ वसुन्धरा राजे सिंधिया ने किसको फोन करके जीत की बधाई दी हैं
@jZa3dP1SVBRRi https://t.co/bnO-gsDB_vE5442TonSL"
954,TID_10361075584461777282,UID_2004571520060985297,"The kashmir files Movie को देख रो पड़े पूज्य योगी आदित्यनाथ महाराज जी.......

आप सभी से निवेदन है आप भी एक बार जरूर देखें.....🌹
@lHpBcznqBTSf0aQ ji https://t.co/VVi52YNDFhVB82IUNCcW"
955,TID_2810372242857156923,UID_8875632807190823160,"#AnEveninginParis ..At one time, one of the most beautiful peaceful cities till they allowed immigrants to settle down alongside them.. Rampant R@rjK, MurdE##, Abuses and security issues engulf France now .. no points guessing whom they allowed to “peacefully settle” 😡😡 Blame? https://t.co/JrPkwboEtknQI4sh4lyq"
956,TID_10246351602578112466,UID_10123966353729552702,"पाकिस्तानी लड़की ने अपने पिता से ही रचा ली शादी, बन गई चौथी बीवी, लोग बोले- तभी इन्हें पढ़ने नहीं देते
https://t.co/3A8Y2EIk:dp:HdV8sBB7

#Pakistan #ViralVideo #PakistanGirl #Girlmarriedherfather https://t.co/GtlxVNXt8O3oFLYrOn0w"
957,TID_2826275467328997351,UID_7353238527451042124,"बॉम्बे हाईकोर्ट का बड़ा फैसला👇

अगर कोई #मुस्लिम_छात्रा शिक्षा प्राप्त करने के लिए गाउन स्कॉर्फ या हिजाब पहनना चाहती है
तो कॉलेज के मैनेजमेंट को रोकने का कोई अधिकार नहीं है 👍

कर्नाटक हाईकोर्ट के फैसले का मुँहतोड़ जवाब👍👌
एक देश, दो क़ानून https://t.co/RXHbzvduNIdrDFDXigMU"
958,TID_13543588583396070853,UID_641096906784538516,पटेल मण्डप वाली मस्जिद पर इमाम हाजी अख्तर ने बैनर लगाए #uppolice @cqKUU @uu61lWRPzFXmO @dQ2be3CPyVGVy @gDiS1gyh https://t.co/3gy3~2SioHxjMyoroo7C
959,TID_8046224145463055540,UID_4451549785395686709,"@ex0zMECKBlo2J @xkl_6lVRzvmE यह वीडियो 2020 का है अभी ऐसी कोई गतिविधि नहीं हुई है, तत् समय इस पर संबंधित संस्था द्वारा प्रभावी कार्यवाही अम्ल में लाई गई थी,पुलिस ऐसे घटनाक्रमों पर लगातार नजर रखती है। कानून व्यवस्था की स्थिति सामान्य है।"
960,TID_13639450412855627746,UID_8739376768322462634,"ये देखिये जो महिलाएं मजारों-मस्जिदों में इलाज़ कराने जाती है,उनका ऐसा इलाज करते है ख़ुदा के वंदे... https://t.co/qp_Z67dWUOqngvzz7OOd"
961,TID_1967279409617257217,UID_1469428369762307514,"""I wouldn't have survived if...,"" Mamata Banerjee on car accident

Read @erh Story | https://t.co/dFso-5-LzmG0_lPk_LV5
#MamataBanerjee #CarAccident https://t.co/kpKiUj8WsyVvRhY5ASvx"
962,TID_2879291771433787173,UID_9345843071145546212,"पं बंगाल जिला वीरभूमि , रामपुरहाट मानवीय बर्बरतापूर्ण कार्य जेहादी मानसिकता वालों के द्वारा
@oRLfV2xHG8Og 
@bquC15gXv6bL 
@tceC9AQBvA 
@bSX1OfB https://t.co/s6D2_CXE:i~HNeU3TBG-"
963,TID_9423284706733390672,UID_7689573777188486600,"I feel really hurt to share this and have to talk about the deepfake video of me being spread online.

Something like this is honestly, extremely scary not only for me, but also for each one of us who today is vulnerable to so much harm because of how technology is being misused."
964,TID_14756845273035677343,UID_8684663528344212319,"थाना सिधौली क्षेत्रांतर्गत शिक्षक/आचार्य द्वारा छात्र की पिटाई के प्रकरण में दि.08.10.23 को सुसंगत धाराओ में अभियोग पंजीकृत है,आरोपी को हिरासत में लेकर नियमानुसार विधिक कार्यवाही की जा रही है।इस संबंध में सीओ सदर श्री राजू कुमार साव द्वारा दी गयी बाइट-
@gDiS1gyh 
@klT6y_F4C9 https://t.co/L3bvnZz-6-6Tzgaqa2zk"
965,TID_12943325410215322925,UID_8087300630548958373,"गृह युद्ध की स्थिति निर्मित है मगर हिंदू आज भी अनजान है😡😡 आप लात खाते रहो जवाब मत दो तो क्या युद्ध नहीं माना जाएगा बड़े शर्म की बात है यह घटना बिलासपुर छत्तीसगढ़ की है🤦🏻‍♂️
वहां के नामर्द हिंदुओं को हिजड़ा भी बोलना हिजड़ो का अपमान है
@oRLfV2xHG8Og @lHpBcznqBTSf0aQ @f_ZmXfiYpQakaY_ https://t.co/jb_mISr4kOvx1lbiTf_r"
966,TID_12559346391715699212,UID_10975553335423595969,शादियों का मौसम चालू है लेकिन यह हिंदुओं का दुश्मन जि*हादी गुलाब जामुन की मिठाई में ही मू*त रहा है हलवाई से आधार कार्ड जांच के बाद ही उसकी लेबर को काम पर रखें। नहीं तो अन्नजाने में आपका ईमान ही भ्रष्ट हो जाएगा https://t.co/RHXAN7odCqNCgLHf02-s
967,TID_3590501208307931821,UID_10433963559020265114,*बहुत हम वीडियो है आप इसको जरूर देखिए 19 तारीख में जो चुनाव हुआ चुनाव के बाद एवं जहां फुल सिक्योरिटी में रखी जाती है वहां एवं से वीवीपीएटी से पर्ची चुराई जा रही है और भारतीय जनता पार्टी अपनी पर्ची डलवा रही है।😱* https://t.co/cCbGEB~YI14ExX5cNNal
968,TID_8712871709419522144,UID_11322491542638230055,"1400 साल पहले पल्लव राजा नरसिंह द्वारा निर्मित लालगिरी मंदिर में एक कम्प्यूटर तथा कीबोर्ड के साथ बिजली का तार और ये सब पत्थर की दीवार पर बनाई गई हैं, यह कैसे हो सकता है..?

तब ये आधुनिक बिजली भी नहीं थी, ये आधुनिक तकनीकी यंत्र भी नहीं थे, उन्होंने इसकी कल्पना किस तरह की होगी..?🤔 https://t.co/gSNidMvyvPQICvyrgKQc"
969,TID_11017864395523073676,UID_18374455549297617125,https://t.co/8jFzVXuPUvpBQt4QhsdN
970,TID_17328860660563720608,UID_7442765977482374386,"लोकतंत्र का न्यूनतम स्तर देखिए 😡

आर्मी के जवानों को फर्जी वोट डलवाने की जिम्मेदारी सौंप दी गई! अब यह कहने की जरूरत नहीं है कि किसके इशारे पर यह सब हो रहा है , क्योंकि वोट बीजेपी के पक्ष में डलवाए जा रहे हैं!!

सिर्फ एक चुनाव जीतने के लिए BJ पार्टी के लोग राजनीति के स्तर को https://t.co/RiiBgWoZ3ji33xck22vf"
971,TID_5326903526128642569,UID_4330234154879666721,"Dear Indian parents - I found this in today’s newspaper. But this building is no boarding school! It is the seat of the German President in Berlin. Our Rashtrapati Bhavan as it were. There are good boarding schools also in Germany - but here, no child will be admitted 😎. https://t.co/4NjOThG7XvoqON2sbsE8"
972,TID_16475577582519833732,UID_7627603039352298734,आज प्रधानमंत्री जी दरभंगा में AIIMS खुलवाने का झूठा श्रेय ले रहे थे। वस्तुस्थिति ये है कि #बिहार सरकार ने निःशुल्क 151 एकड़ ज़मीन केंद्र को इसकी स्थापना के लिए दिया है और साथ ही 250 करोड़ से अधिक मिट्टी भराई के लिए आवंटित किया लेकिन दुर्भाग्यवश राजनीति करते हुए केंद्र ने https://t.co/1RgWIfF2UwwtxX~Gx-zU
973,TID_17905622263975119691,UID_12458438652345587992,"All eyes on PoK 👀👀

~ Narendra Modi https://t.co/B4HyaV4KQrXhun~kjyaA"
974,TID_5895682851862818977,UID_12199468702421083572,"#
BYCOTT VIP LUGGAGE TOTALLY ALL HINUDS OBJECT TO THIS ADVERTISING..THEY HAVE TO PULL DOWN THIS ADVERTISING IMMEDIATELY

VIP Bags Ad in Malayalam promoting Love Jihad. Watch 42nd second..*👆 https://t.co/fIF_azT8R:e9nvVFY02o"
975,TID_12194323434773914814,UID_6571998825717412031,रोजेदार अब्दुल आसमानी किताब का अनुसरण करते हुये काफिरों को जिबह कर रहा है!
976,TID_7491091584101762864,UID_12924278548774354940,Actually they have been standing there since 27 August 2017 😹 https://t.co/mx8Myre0x_pWAosst5xr
977,TID_17361725858888555347,UID_6515467124040032510,"خاص.. فريق آرتي يدخل أنفاق سـرايا القدس تحت أرض غزة ويرصد عمقها وعمليات الترميم بعد الحرب الأخيرة
#غزة #فلسطين https://t.co/4xNs:gjgZ6MuSFxpFTwm"
978,TID_8946079182809974442,UID_12962784540579661611,"Alwar, Rajasthan | They should not make such remarks. KC Venugopal has asked everybody in the party to not make any such remarks. We want that everybody should follow discipline: Rajasthan CM Ashok Gehlot on Sachin Pilot's remarks https://t.co/mjqn2TwLvfi8bEpxtTB2"
979,TID_2791290922081169625,UID_3745045949595855752,Expect a legal notice soon
980,TID_3419065386871735615,UID_15437071186751147689,"Srilanka Rajpaksha son's had the collection of Rolls Royce, Lamborghini and other luxury cars, later public frustrated with Rajapaksa's Polarization strategy and.. see what happened yesterday!!

Never divide own country citizens!

☘️
@gpmiLJTnZT5 @dEMHCxHI1BOHZ @kFNEZp47ZG @uzi https://t.co/O1WMhaYdIz3RCBIN7lf2"
981,TID_16073636671183251109,UID_8124317982730990044,"ಕುಕ್ಕೆ ಶ್ರೀ ಸುಬ್ರಹ್ಮಣ್ಯ ದೇವಾಲಯದ ಆಡಳಿತಾಧಿಕಾರಿಯಾಗಿ ಶ್ರೀ ಯೇಸುರಾಜ್ ಅವರನ್ನು ನೇಮಿಸಲಾಗಿದೆ.
ಹಿಂದೂ ಧಾರ್ಮಿಕ ದತ್ತಿ ಕಾಯ್ದೆಯ ಪ್ರಕಾರ ಹಿಂದೂ ಧರ್ಮದ ಶ್ರದ್ಧಾ ಕೇಂದ್ರಗಳಿಗೆ ಹಿಂದೂಗಳು, ಹಿಂದೂ ಧರ್ಮದಲ್ಲಿ ನಂಬಿಕೆ ಇಟ್ಟವರನ್ನು ಅಥವಾ ಹಿಂದೂ ಧರ್ಮವನ್ನು ಪ್ರತಿಪಾದಿಸುವವರನ್ನು ಮಾತ್ರ ಅಧಿಕಾರಿಯನ್ನಾಗಿ ನೇಮಿಸಬೇಕು. https://t.co/jXQe:0f_sJfa-0XE3EML"
982,TID_12615939481004773568,UID_16541362153809014041,Africans cannot not mourn the death of #QueenElizabethII. May death visit all others who brought problems to our ancestors and take them to hell. Malema | Welcome to Chelsea | Manchester United | Mau Mau | Abolish | Glory to Ukraine | No EPL | He STOLE #LondonBridgeIsDown https://t.co/LFft40r2ldUONZE_ZaD9
983,TID_14830955950033191126,UID_6725558816085567902,"BJP’s ‘tempo’ has already got punctured &amp; it will destroy completely after June 4th 😂🔥 

— Congress Lion DK Shivakumar

#RahulModiDebate https://t.co/PVNA1H22LXisKCZrnpfo"
984,TID_13695664300528937723,UID_391728783169458712,".@vpZO0r8z5h द्वारा दावा किया गया है कि भारत ने पाकिस्तान पर फिर से सर्जिकल स्ट्राइक की

#PIBFactCheck

✔️यह दावा गलत है।

✔️21 अगस्त को जनरल एरिया हमीरपुर में घुसपैठ की कोशिश को सेना द्वारा नाकाम किया गया था जिसका विवरण @jBeQE0qpLEN5Al3 ने मीडिया के साथ साझा किया था। https://t.co/KChpr:nskRHhmxDMIsNA"
985,TID_13093289345773747381,UID_4728760014917905863,"Hello @ng1d9ZsR जी

क्या मानवता के नाते इस्लामिक आस्था के अनुसार आप ये मूते हुए रसगुल्ले खाना या अपनों को खिलाना पसंद करेंगे ?

प्लीज़ आप बुरा मत मानना क्यूंकि एक पक्ष को लेकर आपने अपनी बात रखी इसलिए आपसे दूसरे पक्ष पर राय जानना चाहती है आपकी समर्थक जनता https://t.co/KX_Ajf:t:uwB6uLh9jZn"
986,TID_13329790024583656708,UID_17463515449553062011,"@q6LkVClhD5F3jr @hhneiEIqk258X @cBwhq_63vv
When did coporates started supporting polictical parties? https://t.co/xNTF7y-n6XxGb7lBLSD2"
987,TID_1222351566940735261,UID_16466053246949772428,"Israeli official facebook post: “Due to the lack of medical equipment and the lack of medical staff, it was decided to bomb the Baptist Hospital in Gaza and give them euthanasia.” https://t.co/rJw5zcWSmTrn0iq-te5:"
988,TID_3848035607611668568,UID_15909359449411215725,"Inflammatory, anti-Muslim slogans raised during a rally in #Tripura.
 
""O Mohammad tera baap, Jai Shri Ram Jai Shri Ram”

“Hindustan me mulla geri nahi chalega, nahi chalega”

The rally was organised by VHP to protest against recent violence against Hindus in Bangladesh. https://t.co/-4N~Ns0uL:aQjU_lo4bs"
989,TID_714428461349912236,UID_8102056370527434191,"दिल्ली के पूर्व शराब &amp; शिक्षा मंत्री मनीष सिसोदिया के वर्ल्ड क्लास शिक्षा मॉडल का पर्दाफ़ाश उनकी ही पार्टी की नई शिक्षा मंत्री, आतिशी कर रही हैं।

केजरीवाल ने परसों ही दिल्ली के शिक्षा मॉडल को वर्ल्ड क्लास बताया था।

आतिशी झूठ बोल रही हैं या केजरीवाल, सिसोदिया की जोड़ी?

#AAPLies https://t.co/P_kto21aKelvzkZsylyd"
990,TID_17060977429145429454,UID_14885005961304820576,Electrifying atmosphere at PM @oRLfV2xHG8Og's rally at Kolkata. #DeshKeLiyeModi https://t.co/py2R-NRha7vTBCm~RDwG
991,TID_14337764815210349706,UID_17266363763819833236,"When @cPw7YjN8b6apjWG says issue of ‘84 is complex and people look confused, let me share #bbc doc I did. I had an hour..still wasn’t enough. The hurt many Sikhs feel still very real. #JagmeetSingh #cdnpoli 1984 A Sikh Story BBC Documentary https://t.co/B-WjE5cXHqJGcGSJ1Pcx via @weOS9IF https://t.co/N7G-tZ4I0MzhZakdoZnh"
992,TID_9840525551245547893,UID_11816172708185057233,"#Bengaluru : Burqa clad woman &amp; 2 mslim men in skull cap have been arrested for Child kidnapping!

Won't be a shocker if they turn out to be illegal Bangladeshi or Rohingya. Bangalore is sitting on time b@s_ since long due to mslim appeasement &amp; settlement.
@mZFW8AK3 fact check! https://t.co/P3XMkM6uyFGgugYhahpx"
993,TID_83764739312996655,UID_4794911716728917792,"FAKE NEWS ALERT !!

A notification of J&amp;K Admin is FALSELY portrayed as belonging to Punjab Govt

The news was circulated by these notorious accounts &amp; media handles

Since they can't digest the loss of 2022, they must get a medical treatment for SPITTING VENOM

Here's the TRUTH! https://t.co/l3LWULmZq42kRy329t8e"
994,TID_7024435089791523956,UID_18340982004871944359,"कि तब धरती पर आधुनिक बिजली भी नहीं थी,||
~ धरती पर आधुनिक तकनीकी यंत्र भी नहीं थे,||
~ जबकि प्रमाण हमारे मंदिरों की दीवारों पर है लेकिन हम मन्दिर जाते हीं नहीं हैं ,||🤔
#सनातन_धर्म_सर्वश्रेष्ठ_है"
995,TID_5309018317845010662,UID_11543042544322571683,"Modi and Rajnath Singh officially entered Marg Darshak Mandal according to BJP's website. 

Is this indication that the floor test is going to fail and is this a dry run of the page post the disaster?

Link: https://t.co/30W0QEB2aiioYKejv8H: https://t.co/x9Gkz4j2RXW0OMVqRl3J"
996,TID_16027292437650143944,UID_9020862882225427290,"Hello @rVb3Rqmh9_Rc6KB &amp; communist govt !!!

Karma has no deadline...!!

#Sabarimala #Kerala #Hindus https://t.co/bdse7EUZzVxMoysvoXpy"
997,TID_16801945987254361901,UID_12673719471950778788,"वाह मोदी जी वाह,
भाजपा का हारना तय है... 
इसीलिए ऐसा पैसों से वोट खरीदा जा रहे है... 

Part -2 https://t.co/kP_ISFLFxJ_9JSdwRUwE"
998,TID_15730153746369428051,UID_18260400868718321491,"இன்று கவுண்டம்பாளையம் சட்டமன்ற ஆய்வு கூட்டத்திற்கு வந்த மாநில அமைப்பு பொதுசெயலாளர் கேசவ விநாயகன் அவர்களும், மாவட்ட தலைவர் @hrmMULgYvxzm, மற்ற மாவட்ட மண்டல நிர்வாகிகள் எங்கள் வீட்டில் மதிய உணவு எடுத்து கொண்ட பொழுது. https://t.co/GQR__fnctCZujnyhM7u7"
999,TID_15597085488038401121,UID_5121849065781989348,"Theater Audience:- 😈
Brahmastra Review:- 💥

Chacha Ka Opinion Kya Hai ...?? 😊
#BrahmastraReview https://t.co/xnnjqQPXJ56iOYj3mB2j"
1000,TID_5147411217803447796,UID_13997847827472477909,Two Ships in the middle of the #AtlanticOcean was fully destroyed by an #Angry Jumbo Whale/Shark. https://t.co/R7pBSSioLLcQ0zFO-PV8
1001,TID_3528195427606598672,UID_6162400997795746884,"Manish Sisodia Thrown under a DTC bus 😀

 https://t.co/amWsEbwkfxCd3C9iQHBN"
1002,TID_8747226555338927143,UID_7957400962726547355,Disclaimer: It's an AI Generated photo.
1003,TID_7826909088733164673,UID_4799901619700445355,https://t.co/YFJEDuilIUPZwhPePFr9
1004,TID_12766665067380329431,UID_17402632776864082232,"सोशल मीडिया पर प्रसारित समाचार-
जयपुर के रामगंज में आपसी झगड़े में मारे गए इकबाल को 50 लाख सरकारी मुआवजे की घोषणा, उदयपुर में कन्हैयालाल की बेरहमी से हत्या की गई थी तब 5 लाख का मुआवजा दिया गया था

उक्त खबर गलत, भ्रामक एवं तथ्यहीन है

#FactCheck https://t.co/lM24WeSxwArjJH9P2jR9"
1005,TID_2042045755267910447,UID_9105977643778659118,"Drop a photo of you doing your job.
@u_L5XPd @jsptN0PooW @hx3cqxfou @lHywTqKQiIKSA @n8AnANJZXqwX9 @u5oudJ2F @slMZ8L3h2G @qndmTDaHYRe @hCaZMjRU6HF1M @eqJ0y7772wF @xLShn68PvcvQb9_ 
Interviewing Dawood Ibrahim in Pearl Building, Dubai. 1987. https://t.co/upk0ZENn-nxMvlsiHLCz"
1006,TID_14635254504454342650,UID_12740562579043654019,"The Rahul Gandhi craze ❤️🔥
@gpmiLJTnZT5 https://t.co/d:y3U~JM-Ddk_VhGPyOP"
1007,TID_3369464274869707389,UID_5738103343123188275,"सत्यमेव जयते।

10 घंटे भी नहीं रहने दिया सुदर्शन के संपादक मुकेश जी को हमने थाने में उससे पहले छोड़ा लिया गया।

जिन जिन मर्दों ने साथ दिया उन सभी लोगो का धन्यवाद। https://t.co/5ZnS3xlfgCJsAXgB0tO:"
1008,TID_5619378697351586752,UID_1968295364124228049,"BREAKING : Reportedly a woman standing in queue for submitting her form for Congress's ""Khata Khat"" scheme died due to heatwave in Amethi in front of the Congress office.

First death in greed of Khatakhat ₹8500"
1009,TID_9897663487383539292,UID_14826467613023902224,टैलेंट कितना भी हो पहचान जाति से ही होगी  #jaibhim https://t.co/bQ:ahjmF_cUAU54IWpPp
1010,TID_8657145552263010812,UID_9094594727617565316,आप विश्वास नहीं करेंगे कि नृत्य करने वाली ये कोई साधारण महिला नहीं है बल्कि राजस्थान गंगानगर जिले की कलेक्टर रूक्मणी रियाड हैं। IAS होने के बावजूद भी वे अपनी संस्कृति से पूरी तरह जुड़ी हुई हैं। सुंदर नृत्य जो मंत्रमुग्ध कर देगा जरूर देखें राजस्थानी संस्कृति की झलक👇 @bNkq0SjhxJ https://t.co/jrHDiKm3qsjtC_ReamZE
1011,TID_17126433781933162159,UID_3293758692329964045,"Dit schijnt in Vleuterweide te zijn, is een prank van die gast met flesje water, belachelijk natuurlijk, bij basic fit heeft hij dat ook gedaan.
@n6fkUtSkFAM mischien even een bezoekje brengen over zijn gedrag. https://t.co/o3iS95iyVIdJK0_SIeFk"
1012,TID_17456604098910076061,UID_13696164262184757773,"Global Leader Approval: *Among all adults

Modi: 76%
López Obrador: 61%
Albanese: 55%
Meloni: 49%
Lula da Silva: 49%
Biden: 41%
Trudeau: 39%
Sánchez: 38%
Scholz: 35%
Sunak: 34%
Macron: 22%
*Updated 03/30/23

https://t.co/WtFW27yo2u7u9~cHhI4f https://t.co/tJ56HgP:UfJ806Hg4SSD"
1013,TID_1182276072023319528,UID_4287885122683248633,"""जब तक आरोपियों की गिरफ़्तारी नहीं होती, मैं अपने शरीर का एक-एक अंग काटकर सरकार को भेजता रहूंगा""

◆ महाराष्ट्र में भाई और भाभी ने की आत्महत्या तो दूसरे भाई ने न्याय नहीं होने पर उंगली काटी 

धनजय ननवारी | Dhananjay Nanaware | #DhananjayNanaware https://t.co/i6FFBJy82oQlKFRIJIo2"
1014,TID_1294879906272520261,UID_12125335711081442105,@p55FvP4du @c56rZNYyu @mXG7Nz2h__Ta_bO सर ये मामला गांव Uttawar जिला पलवल का है आपसे अनुरोध है इस पुलिसवाले के खिलाफ सख्त कार्रवाई करने की कोशिश करें इस तरह के बर्ताव से शांति भंग हो सकती है महिलाओं के प्रति इस तरह का बर्ताव बिल्कुल भी बर्दाश्त नहीं किया जाएगा https://t.co/ijLYdKIwngwDYL6LU5uq
1015,TID_16437248563851870963,UID_6649369935283725723,"एक और पापा की परी अब्दुल्ला पं चर वाले की चपेट में ।  सभी लड़कियां एक बात समझ लें, प्यार के चक्कर में माता पिता को धोखा ना दें । 🥺😰😣😭😢🙏🏻।  जिन पापा की परियों को अब्दुल से प्यार करना हो वो देख ले की मुंह पर इतने जोर की लात खा सकती है या नहीं।
#loveजिहाद https://t.co/ovFwtP~azz~YrlCR6M4g"
1016,TID_16280433181345754195,UID_17626585942016285521,"Congress President @gpmiLJTnZT5 met @YkETmw9KWJ, Minister of State &amp; Member of the Bundestag and discussed Indian &amp; German politics, floods in Kerala, GST &amp; Jobs.
#WillkommenRahulGandhi https://t.co/6SYJEFSREubzL1eiCIW2"
1017,TID_7997560168832656432,UID_12962784540579661611,"#WATCH | Delhi: On the Rafah situation, MEA spokesperson Randhir Jaiswal says, ""The heartbreaking loss of civilian lives in the displacement camp in Rafah is a matter of deep concern. We have consistently called for the protection of the civilian population and respect for https://t.co/69AYBQuh:TTP1SC2hcL2"
1018,TID_8296711046211873458,UID_16284516066175139938,"Are you a minister in the govt of India or a petty ₹2 troll who shares edited videos at the behest of BJP’s fake news factory aka the IT Cell Mr Goyal? 

Get a life! I challenge you to share the full video or at least the part that follows your 34 second clip 

@fjiAeAHlIA6 https://t.co/9XThe8EYEUy67hHPai0x"
1019,TID_4938719089716479271,UID_12301892325399374547,@e_8L Can't wait for this! 🌕🇮🇳 https://t.co/WA3YGvbG6NU4vS6gK6DK
1020,TID_5759881775934768072,UID_3240406310130535933,"COPS MURDERED GIOVANNI

Giovanni López, 30yo day laborer arrested for not wearing a mask, criminalised by cops and brutally beaten to death bc he belongs to the Mexican racialized underclass.

ACAB EVERYWHERE

 https://t.co/2HMK0DWbZK19A69j4dj5… 

#JusticiaParaGiovanni
#JusticeForGiovanni https://t.co/V63Ut888q6Hdrza9llkv"
1021,TID_8488774199795122378,UID_854341744954995497,"देखिए पाकिस्तान में 100 साल पुराना भगवान शिव के मंदिर को कैसे तोड़ा गया । 
और यहां सुप्रीम कोर्ट के निर्णय के बाद बनने वाला राम जन्मभूमि मंदिर ना सिर्फ ""हरे कीड़ों"" को बल्कि कुछ तथाकथित सेकुलर हिंदुओ को खटक रहा है । https://t.co/M2gEcOlEqatOm94nmx_P"
1022,TID_18343991455084542716,UID_881751391204489703,"विकास और पुनर्निर्माण के नाम पर पाकिस्तान में यूनेस्को द्वारा सूचीबद्ध हिंगलाज माता मंदिर को तोड़ा गया, भारत के तथाकथित धर्मनिरपेक्ष समुदाय ने इसके खिलाफ कोई आवाज नहीं उठाई।
भारत में भी कई मस्जिदें अतिक्रमण करके बनाई गई हैं...ये भी विकास में बाधक हैं। https://t.co/8C6y4WDknjyDKyuyGIMj"
1023,TID_439038478200421429,UID_16144205912333529448,"Dr. S. Somanath &amp; team #isro... 

Celebrate and dance your hearts out tonight ❤️❤️🇮🇳🇮🇳🚀🚀🌕🌕

How many ppl in the world have the power &amp; knowledge to make 1.4+bn hearts swell with pride &amp; joy! 

#Chandrayaan3 #Chandrayaan3Landing #Chandrayaan3Mission #india #space #tech https://t.co/__ymHTXLwbbDRSCKxfGC"
1024,TID_14919421824482199366,UID_219394376910900628,A thread about my 21st birthday.
1025,TID_7535359279397720996,UID_12962784540579661611,#WATCH | CJI DY Chandrachud and Union Home Minister Amit Shah greet each other at Red Fort during Independence Day celebrations https://t.co/aLH7lclcqbL3tukFS-Eh
1026,TID_11712349624602967524,UID_11398646529124702417,"The original video is of Zara Patel, a British-Indian girl with 415K followers on Instagram. She uploaded this video on Instagram on 9 October. (2/3) https://t.co/aaaczWbo56Yn04EC73kC"
1027,TID_2483403083938723641,UID_11533712306050316865,"गौर से सुनो विपक्षियों...

यूपी की बेटी ने बातया कि सुरक्षा चाहिए तो भाजपा चाहिए...

#यूपी_मांगे_बीजेपी https://t.co/3FC:vu7bbjTdH~wZAVOH"
1028,TID_14114492522870052285,UID_11302031243542984150,"🚨🚨 :: Ronaldo Stand with Palestine 

Whole World stand with Palestine 

Free Free Palestine

#Ronaldo𓃵 
#Palestine 
#Israel 
#Gazagenocide #Isarael #IsraelPalestineConflict #palastine #غزة_الآن #طوفان_الاقصى_ #GazaUnderAttack #FreeGaza #Hamas #PalestineUnderAttack https://t.co/wVzIOjB:we-SqRY8sTdR"
1029,TID_18142166344202547242,UID_4859136252920714201,"Moye Moye Movement Toh isko bolte hai Dosto. Mira Road. 😎
#MiraRoadRiots #MiraRoad
https://t.co/WVIIVqTHE38jQUMi4BVx"
1030,TID_7072082126054288746,UID_3822226947325472949,"A small change, he is Mohan Gopal not Sundaresh Menon..

Apologies for the inconvenience caused"
1031,TID_10345733732930369304,UID_17253531443743579872,"Under construction Hinglaj Mata temple in Hindu community neighbourhood (Khatri Mohalla) Mithi- Tharparkar rzaed to ground by administration . The so called champion of minority rights, PPP,  is ruling Sindh whilst minorities suffering https://t.co/N0fgvmmd:_FPlJbuTcw5"
1032,TID_9115821174520311306,UID_14003649965887633693,LEO CUANDO LLEGA MAMÁ CELIA 🥰 https://t.co/2qjMya6zHFSp05Y9-cJk
1033,TID_4541674275442861605,UID_11319790981827137793,"Judiciary asked #Vedantagarwal to write an essay after the Pune Porsche accident.

This is the rap he wrote.

Police is confirming whether it is his video. But the arrogance is just sick! Whoever made this. https://t.co/NOeNHt12:dAca9g6mCAC"
1034,TID_5470816600130533115,UID_2784085207536895174,"At her age of 85, Waheeda Rehman is dancing with same grace and elegance👏👏👏. Can’t miss sharing this https://t.co/0sqTn-sC0HgXanaPZ6-q"
1035,TID_13085462425799344963,UID_17255607492737581425,"Bro wtf is happening 😔😔?? Why is it always on news that hindu girls are being murdered??
Girls what are you doing?? Stop yourself from falling in love with Muslim men🥺🥺.."
1036,TID_17660569316127766555,UID_14082160998700892758,"#GodiMedia Should Learn from 
The ""New York Times"" 
How to do journalism on Important Issues like
#ElectoralBondsCase 
#ElectoralBondScam  #PMCaresFund #चंदा_चोर_मोदी #VasoolRajaModi 
Kudos #cjichandrachud https://t.co/AJTaYGuRB6Pi52JX5:v_"
1037,TID_12470578658750094816,UID_16172957992755819787,Money seized by NIA  in PFI office in Kerala https://t.co/UL4vc-HnTL:doRvM66XX
1038,TID_12428842850960889738,UID_10894864466168598998,"आज से कर्नाटका के किसी भी कॉलेज में हिजाब पर कोई रोक टोक नहीं होगा.!!
https://t.co/NEHyBcsAX6wmhHLbjM_-"
1039,TID_3555468276317810015,UID_10037749018218303070,"Bageshwar Dham Sarkar Kalash Yatra in Noida 🔥

Bhagwa All Around.. Jai Sree Ram 🚩 https://t.co/BtL_soiWcg:bBhxafBbi"
1040,TID_2555318923015775650,UID_2113599310169736565,Chinese spy balloon up-close https://t.co/opmj7EGP1Mk4T6bPtiwz
1041,TID_3880568642076235874,UID_4813594634238647986,#BREAKING | #ED raids underway at a businessman's premises in connection with a money laundering case in Kolkata; 7 crore seized. @ubVto_ https://t.co/opz-T564JTHnB-EMQzoQ
1042,TID_7332970093346672978,UID_12012889304035089957,"वाराणसी नरेद्र मोदी के संसदीय क्षेत्र के बीरा पट्टी गांव में 28 साधू किडनी चोर पकड़े 
ये ही है वो साधू 
@q4gmc4Xzvjlz1b  @rsm_v3N @hYk0vqBZ7  @gDiS1gyh 
@u34ARGtQRDT @xKBBfmEK6Twdj @tGWD2kPqXq https://t.co/kfHeIb-OR~g9cAfJOZCN"
1043,TID_4770586956344210,UID_2001182066093618804,"🚨 Clarification 
This is to clarify that an old image from our story written in 2019 has been shared falsely claiming that we have made a prediction for the Andhra Pradesh Assembly election. It is to be noted that as per the Model Code of Conduct no agency/news organisation can"
1044,TID_14041165035693670200,UID_6360379172038335247,"Traffic Advisory

In view of Chehlum procession tomorrow, certain roads and stretches will experience traffic regulations and diversions. Please follow the advisory to avoid inconvenience.

#DPTrafficAdvisory https://t.co/rjn9kU7t7e2qNTE7FXl2"
1045,TID_8880303993189322727,UID_4698339572855062679,"வெளிநாட்டு மத கலாச்சாரத்தின் உண்மை நிலை இதுதான்???!!!!
மதம் மாறிய இந்துக்களே சிந்தியுங்கள்!!!!
மனம் திரும்புங்கள்!!!
@dXkWU_p6vea0Bvy @o3P4IL @iGIwqVRgcq @nOAzMTxugSkT @cK4s_75_1c9O7WK @nDFawurEp3Lr @vWbBxtR https://t.co/9wg7pQz0r72HcNGi:~HJ"
1046,TID_4777348029433465768,UID_16630413481792532530,"बहुत खुशी की बात है कि छत्तीसगढ़ में आलू से सोना बनना शुरू गया है ।
🤣🤣🤣🤣🤣😂😭🤪 https://t.co/u~vlB7cnmmu5sfdWzQn~"
1047,TID_9355185172238763227,UID_6343446005247026518,"Contraband destruction ceremonies are grand events celebrated with nationalistic pomp and publicity stunts in Pakistan.
https://t.co/6FgsFxOrKm2OAVpM6FrL"
1048,TID_5486376534179657684,UID_10517084841407314591,"Dil ke armaan aasuo maine beh gaye 😭😭

Paise barbad bol rahe hai ye log https://t.co/Zv:5A7vQblyz8hjWNWFx"
1049,TID_1538823781455663145,UID_696375359954562633,"Sunil Gavaskar on NDTV: It should be a matter of utter shame for us as Indians for politicizing, ruining and basically hijacking this beautiful game of cricket. BCCI has let India down and tonight’s results are a testimony of it. https://t.co/bChCsE7X9fSZ5QLNW_Yw"
1050,TID_9749163451729108535,UID_8117884564471870221,"सबका साथ, सबका विकास, सबका विश्वास..

इसीलिए उत्तर प्रदेश का जन-जन कहे एक बार फिर योगी सरकार। https://t.co/By7NEN1N-VFB8W6j94NL"
1051,TID_5247822853404520444,UID_9784059206100870555,at Finance minister Nirmala Sitharaman's father's house. A father accords a royal traditional welcome to his daughter which she politely sidesteps and introduces her colleagues to her father:)) RT https://t.co/Of5DbRsjDLmuLJdk~ihj
1052,TID_17686288339185434695,UID_9784059206100870555,"Daughter caught in liquor scam. Papa suddenly is a changed man
Ha ha:)) TN soon :)) RT https://t.co/wcx9Rm~ORV5WxjQZHP93"
1053,TID_521419540679310603,UID_3791053693651340405,"यह सहारनपुर उत्तर प्रदेश का दादा अब्दुल गफार था, इतवार को मार्केट में दादागिरी कर रहा था और योगी जी की पुलिस आ गई फिर नजारा आपके सामने है।
ऐसा लिख कर सोशल मिडिया पर वायरल विडिओ
#viral https://t.co/4O_TXIxm7ma742ijId1d"
1054,TID_6651643798774589587,UID_14317617725025099772,"भाई ने सारा गुस्सा evm पर निकाला है 
क्या कहना चाहोगे इस पर..? https://t.co/4A9yUtcU~-sJ~l_zRQ56"
1055,TID_4970074411627836620,UID_2913882946803642001,"14 Feb is not about Couples!
It is about 40 brave soldiers who martyred for our country.🇮🇳💐
JAI HIND 🙏
#PulwamaAttack2019 https://t.co/eGQNOzBktUTdXy9w7cK7"
1056,TID_8886264496379399901,UID_1818556515538143771,VIDEO | A scuba diver raises saffron flag with Lord Hanuman's image under seawater at the Shivrajpur Beach in Gujarat. https://t.co/qtaO-0Tw2mEmMbvZbKNZ
1057,TID_9722255167424977097,UID_17379862942461969317,"ఈ రోజు ఉదయం 7.30గంటలకు ఛత్తీస్ ఘడ్ రాష్ట్రంలో RSS,BJP, భజరంగ్ దల్ కు చెందిన గుండాలు 3 ముగురు పాస్టర్ లపై కర్రలతో దాడి చేసి కొట్టీ కాళ్ళు చేతులను విరగకొట్టారు అతను ప్రాణాపాయ స్థితిలో చావు బతుకుల మధ్య ఉన్నాడు.
ఇదే నిజం అయితే వారిపై కఠిన చర్యలు తీసుకోవాలి. అందుకే బహుజన రాజ్యం రావాలి https://t.co/jCI_1kyIA54SWAobEA:L"
1058,TID_14567665162562613523,UID_16798991016793159190,Court: What media reports is taken in pieces.
1059,TID_5451236099328378328,UID_8511600536579613721,"श्री केदारनाथ धाम पैदल मार्ग पर दिल्ली निवासी श्रद्धालुओं के साथ मारपीट करने वाले घोड़ा खच्चर संचालकों के विरुद्ध @tNPJoSy6Ib259J द्वारा कोतवाली सोनप्रयाग में मुकदमा पंजीकृत कर घटना में शामिल अभियुक्तों को गिरफ्तार किया गया।

#UttarakhandPolice 
#SurakshitCharDhamYatra https://t.co/HrFucD6c_q-acMEcK1hQ"
1060,TID_18109614525035956381,UID_16313795139419843770,"Am just loving it 🕺 🕺 🕺 🕺 

Party time @e_8L 

Success celebration of #Chandrayaan3Landing https://t.co/r7eOdg-yLgW01m6twumB"
1061,TID_3757834138466804575,UID_17464819188631677917,"Congress MP DK Suresh Brother of Congress State President DK Shivakumar Threatening Police officer...
during Election Campaign

Guarantee #GoondaCongress 

#BJPYeBharavase 

@f_OSHoNR @pP55xr8jVeo2l https://t.co/:Pe18dfLOH1FeJ29GDYn"
1062,TID_7911471625161485056,UID_774398580751818808,"इसे कहते हैं मर्दानगी ।

समाज हो तो ऐसा हो । https://t.co/e2uz01ewWtdyHy3GhXM8"
1063,TID_11776272346072668682,UID_4681736122367974688,"Institute for Economics and Peace in its latest Global Terrorism Index lists 20 deadliest terror groups of 2022. At 12, is the Communist Party of India. 😐

@nrbin7Xdv5bZQy https://t.co/h:-xch5F::TqANeKHLo:"
1064,TID_10107109333937521983,UID_16468962522138138730,"Karnataka Education Dept. has issued a controversial new order banning bangles from women who are preparing mid day meal for children in schools

Is this an attempt to ban Hindu religious practice?

Why is there no ban on the act of spitting on the bread of other community ? https://t.co/s~jBq49PlWAgCGRnJ1mV"
1065,TID_6067922424808192085,UID_9757620537075746971,"If this video does not motivate you to never give any 'Bheek' to a 'Bhikari' for that matter even a dying bhikari,
Nothing ever will !!
😎😎😎
#Bangladesh 
#WorldChampionTeamINDIA https://t.co/zUCvla2sbhB8BuNTzMMH"
1066,TID_6746212143004691877,UID_17648724972572500244,@fqKIr0lcTUUM भाई उनकी औक़ाद नहीं है। ये फेक वीडियो है। पोप फ्रांसिस का वीडियो चला रहे है। https://t.co/WEyyEntGgLZ6u7NpO~__
1067,TID_10230123592306615276,UID_4113831091501731103,Spot the difference https://t.co/XBoQ26x:33_vukiuJdpY
1068,TID_5577195571927199264,UID_10655868374124677298,"MP | Damoh |

Anand Singh, town inspector of Damoh's Kotwali Police station has emerged as a lone wolf in Damoh's Imam assault episode.

He not only showed bravery before the crowd but also handled the situation tactfully.

In just 3 mins, he burst all the propaganda around the https://t.co/eAeC2Wcp1gUgdBT:XfC7"
1069,TID_18374973090163707637,UID_15244623639961219389,"नैंसी पेलोसी के साथ 20 फाइटर्स प्लेन का बेड़ा ताइवान गया था। इन सभी को  हमला के वक़्त जवाबी हमले का पहले से ही आदेश था। इसे कहते है सुरक्षा चक्र।
#Taiwan #NancyPelosi #ChinaTaiwanCrisis https://t.co/rO6ScAeS:y6ZXNWs8iqa"
1070,TID_12680424667529453754,UID_10635364117779808004,"الهند توغل في العنصريه والتمييز ضد المسلمين وللأسف الأمر يتزايد بدعم من جهه الحكومه الهنديه دون توقف او تصدي لهذا الجنون والتخلف
في ولاية كيرالا الهندية 
هندوسي متطرف يضرب بوحشية طفلة هندية مسلمة (٩ أعوام) لمجرد أنها في طريقها لمدرستها الإسلامية !! https://t.co/J4bdOeWSIc1LIYwhzRj4"
1071,TID_794588496772163807,UID_8635903829905107166,"ज्वालापुर ईदगाह हरिद्वार में नमाज अदा करने के बाद का नजारा. हरि की नगरी अल्हा की बन गयी, सोचने वाली बात है उत्तराखंड मे मुसलमान कहाँ से आया यंहा के पूर्वज तो हिन्दू ब्रामण हिन्दू राजपूत या हिन्दू हरिजन थे.. https://t.co/HjYq46X7W52_JyTAQEFn"
1072,TID_2761703242234266038,UID_9531389076095431257,"इलेक्टोरल बॉन्ड पर इंटरनेशनल मीडिया दा न्यू यॉर्क टाइम्स बता रहा है कि राजा नं गा हो चुका है,
""मोदी का परिवार"" https://t.co/0idKqJde:atlK-4JcRvO"
1073,TID_12764649495204350496,UID_6266273974585123756,"ಖಾಲಿ ಕುರ್ಚಿಗಳ ಸಮಾವೇಶ ನಡೆಸುತ್ತಿದ್ದ ಬಿಜೆಪಿಗೆ ಜನಾಕ್ರೋಶ ದರ್ಶನ ಮುಂದುವರೆದಿದೆ.

ಬಿಜೆಪಿ ಅಭ್ಯರ್ಥಿಗಳಷ್ಟೇ ಅಲ್ಲ, ಬಿಜೆಪಿಯ ಪ್ರಚಾರ ವಾಹನವನ್ನು ಕಂಡರೂ ಜನರಿಗೆ ಅಸಹ್ಯ, ಆಕ್ರೋಶ ಹುಟ್ಟುವಂತಾಗಿದೆ.

ವಾಹನಕ್ಕೆ ಬಿದ್ದ ಒಂದೊಂದು ಕಲ್ಲೆಟುಗಳೂ @hhneiEIqk258X ಯ ಬೆಲೆ ಏರಿಕೆ, ಭ್ರಷ್ಟಾಚಾರ, ವಂಚನೆ, ದುರಾಡಳಿತಕ್ಕೆ ಸಿಕ್ಕ ಉತ್ತರಗಳು. https://t.co/QQlbVj1Y9TB5yabIBO1d"
1074,TID_11158432126821311696,UID_6713804691247045055,केरल के इस विडियो को देखें सनातन प्रेमियों और इसे जितना हो सके उतना फॉरवर्ड करें .... अगर आप यू आज चुप रहते हैं तो हमें नुकसान होगा ... क्योंकि *6 महीने के बाद  इसे आगे बढ़ाने का कोई फायदा नहीं होगा* ...  उँगलियाँ घुमाएँ और इसे आगे बढ़ाएँ अभी🙏🙏🙏☹️☹️👍 https://t.co/buKBE19KH-c8jppYIokh
1075,TID_3506317076793538612,UID_5317180688486213132,"Video of a #Karnataka man assaulting electricity company staff goes viral with a misleading claim.

The man is seen verbally abusing and thrashing the GESCOM staff who visited the house seeking the payment of the pending electricity bill.

https://t.co/N6LRnEifPCpA4rAiKkNj https://t.co/qdyOA18xRdmtExCkD:F0"
1076,TID_4433353941706478450,UID_14930425361263606361,"Did anyone gift a beef dish to Mamata Banerjee? 
Look at West Bengal, 👇This is Eid celebrated in West Bengal. https://t.co/u2ceUrqBv5AgxbMIgQt:"
1077,TID_9109975126186257865,UID_8653994408999081953,शादियों का मौसम चालू है लेकिन यह हिंदुओं का दुश्मन जिहादी गुलाब जामुन की मिठाई में ही मूत रहा है हलवाई से आधार कार्ड जांच के बाद ही उसकी लेबर को काम पर रखें। नहीं तो अन्नजाने में आपका ईमान ही भ्रष्ट हो जाएगा.. https://t.co/Z0mpd7RphSIhK4ohsNF6
1078,TID_1286609049265038823,UID_15651155998744452382,"BREAKING 🚨

Looks like Congress Lion has accepted his defeat.😭

""I don't believe I.N.D.I.A will form the govt"" - DK Shivkumar https://t.co/jqEfo6TLGLAMDogsmNwo"
1079,TID_2545380785810658086,UID_16371204876076456164,"जागो हिंदुओं

इस बुर्के वाली लड़की ने उस हिंदू लड़की का ब्रेन वॉश किया जो वीडियो फ्रेम में भी है
वह हिंदू लड़की को बुर्का पहनने और शांतिप्रिय लड़के (जो वीडियो में गलियारे में खडा दिखाई दे रहा है) के साथ जाने के लिए कहती हुई पकड़ी गई।
 ..लव जिहाद ये है... https://t.co/N-uyCycdf4mV4llpmqRw"
1080,TID_2812142416380153410,UID_1821425981425832228,"Shoot at site order against PEACEFUL PIGS in HALDWANI, UTTARAKHAND .
#Haldwani #Uttarakhand 
SHO ANAND SINGH THAKUR says 
'I came alone . I am standing alone. Touch me ' https://t.co/qq2Ffvr4~~8L2cyymnVr"
1081,TID_15876588654021674805,UID_2039803744035628474,طفل يصلى في الطريق ويعطل السير ….لا تعليق ! https://t.co/hBELlEyv3SzsPYLRUqCk
1082,TID_818114958549671659,UID_9164465222277276840,@wRphZWfSfMPp_ 1/1 उक्त वीडियो ग्राम भोजारिया पुलिस थाना बिजराड का 2019 का है। पुलिस थाना रामसर के गागरिया गांव में पेट्रोल पंप के सामने दिनांक 28.6.2019 को एक प्राइवेट बस से एक्सीडेंट होने से एक व्यक्ति की मृत्यु एवं तीन व्यक्ति घायल हो गए थे।
1083,TID_6412551403794625167,UID_6603167867288867712,یکی از شهدای #غزه https://t.co/zGVLFxHDc0jEvMHfu8ZD
1084,TID_16434641660086517464,UID_15876868964467673029,"@v3TxTt6Mb Aftab Parsi Poonawala Not muslim 
https://t.co/V1A0mygcGXFwKR0HZQ47"
1085,TID_10358745849949018962,UID_12592591942042066082,इसे नरेन्द्र मोदी का वीडियो नहीं मिला क्या? कोई इतना मूर्ख कैसे हो सकता है?  https://t.co/3~swMSrZ71zZAnBKRP3h
1086,TID_8872768434372632893,UID_14779995425417724008,"Italian police set on fire by protester.  That’s not a protester that’s a criminal that committed attempted murder, arson and more.
 https://t.co/-KUJY7UFY03ylDJxLYbm"
1087,TID_7613755241567938058,UID_2646433164537920287,"*यह वीडियो बिहार का है । अभी आप सोते रहिए , जब घर मे आग लगेगी , तब कुआं खोदना चालू करिएगा ।* https://t.co/pLTzc_vsVEuqv5RSyY-K"
1088,TID_13521429564545775798,UID_7442765977482374386,"Canara बैंक को Canada समझ कर 
उसके सामने प्रदर्शन करते भाजपा के बेचारे मासूम Sanghis 😅 https://t.co/2U7D5BuC8CA0~XyUAI2o"
1089,TID_5570747035633169371,UID_13562952651761210241,"Have been waiting for a clarification or denial from @cSM3OO9wqbD but nothing so far. However many people say the letter is fake. Till the authenticity is confirmed @mZFW8AK3, I will temporarily delete the original tweet. https://t.co/PUZCwES-QR9f5vRJbRA6"
1090,TID_9192396822299493338,UID_13215205487283326869,"Police case registered against a consumer in #Koppal district after he 
refuses to pay bills &amp; attacked #GESCOM official.
#Munirabad police take up the case @wjl3r3oc7M0BFHK @wqIZmPsAXjaHXpP @j4SSm4y5X1BpL @e5Pm0kCZlJ @nFOPqBz_MQR9 @mkdp2WHSLKThr3O @f9HniBwrc7jV https://t.co/WON8q~Sqk_zqkDQF0v2O"
1091,TID_8199481209285769520,UID_3630620580306735315,"🚨Don't Miss This Bone Chilling Video 🚨

We will do a nationwide""X-Ray"", we will then know how much is owed to 'Minorities'.

Then we will do 'Survey' of Individuals Financials and Institutions.

We will find who has the 'Wealth' and to which Caste they belong.

After all this https://t.co/VowlD7OcBh1IxJdMsQ29"
1092,TID_14819923791925059960,UID_6395116879742644546,"BREAKING:

Heavy stone pelting at Shalibanda in Hyderabad's old city as protests for suspended BJP MLA Raja Singh grow.

About 50 people or so have been taken into custody by the cops due to unabated protests
@w8kW0Em72NooSo https://t.co/R3dZEKHBNj:PpI7q2-SI"
1093,TID_3729032948228580020,UID_12401126268582639186,#RakhiSawant Wears Hijab To The Gym Is Another Controversy On The Cards? https://t.co/Okvw44baU:8gxaihwsWJ
1094,TID_15960311013149624096,UID_5538472629398837842,"One video of Sunam is going viral on social media platforms in which one person is being beaten mercilessly by 4 persons along with others.

In this incident, an FIR 29 dated 15/02/23 under 307, 323,324,325,506,148,149 IPC had been registered against 6 accused in PS City Sunam,.. https://t.co/Em8h:xkVVQ_gzeoS~Mca"
1095,TID_15305313902999557988,UID_13086019429289440165,"*पश्चिम बंगाल*
*दिल दहला देने वाला दृश्य*
*मुस्लिम युवकों द्वारा*

*दलित हिन्दू बच्चियों के साथ*
*ये प्रतिदिन हो रहा है*

*कल ये आपके शहर, राज्य या गली मोहल्लो भी हो सकता है*

*ये रुक भी सकता है*
*अगर सत्ता, योगीजी, हेमंत बिस्वा*
*जैसे मज़बूत नेताओं के हाथों में हो* https://t.co/Jj:tr~r0Bhlp9p:67PSM"
1096,TID_1533262724377955546,UID_8455172668195249560,@oPbIL12tUOoiEg https://t.co/85Xr1Ajo:a7kV0elfKD:
1097,TID_10771503598369132081,UID_18047495783235281859,"கேரளாவில் தொடரும் தீபாவளி கொண்டாட்டம்..!

தீபோத்ஸவத்தையொட்டி மிளிரும் விளக்குகளுடன் ஆற்றில் பயணிக்கும் 240 படகுகள்

#deepotsav2022 | #kerala | #boats | #Malaimurasu https://t.co/5C34kMA~HnBqHLhuqXmI"
1098,TID_12190428834299079806,UID_5397918111954558806,"KARNATAKA: The incoming state government must prioritize and uphold human rights for all in the state. We call on @seHWkbDtDyjS to take three priority actions for human rights. 👇🏾

1/5"
1099,TID_7979416452179473964,UID_1366057835838458782,And one more thing i wish i could have been a part of kerela story. But my bad i wasn’t there. And you call yourself PATRAKAAR ? Fact check karna bhool gaye yaa attention paane ka naya tarika dhoondh nikaala hai.
1100,TID_12944368624182785822,UID_4728760014917905863,"प्रिय रोहित शर्मा ज़ी

आपकी पत्नी आज जिन आतंकियों, बर्बर राक्षसों के समर्थन में स्टोरी लगा रही थी क्या वो उसकी गलती थी या तुम हरामीपन करते हो

और उसकी जरूरत के हिसाब से पैसे नहीं देते तो उसने दो रूपये कमाने के लिए स्टोरी लगा दी

पहली गलती थीं इसलिए माफ़
आगे हुईं तो रेला जायेगा ✊ https://t.co/im-Vyl77VbhVCdi0B2_X"
1101,TID_1897710735273891954,UID_756302643679591788,"جثة في غزة ترسل رسالة من التلفون 
اكاذيب حماس وتضخيم أقام القتلى. https://t.co/yOvzHc:9eE8YdRqJ1qFK"
1102,TID_457953479902231595,UID_14977704358396608342,"इंस्टाग्राम चलाओ फेसबुक चलाओ 
और 10-10 बच्चे पैदा करो कांग्रेस आएगी तो मिडिल क्लास और वेल्थ क्रिएटर्स की जेब से निकाल के सबको लखपति बनाएंगे https://t.co/EoBPxA4TBQhvkx8rgvos"
1103,TID_8465434318234352890,UID_3558783561902431044,"Ban on Exit Poll🚫

Time Period 👇

7.00 AM - 19 April 2024
  To
6.30 PM - 1 June 2024

#ChunavKaParv #DeshKaGarv #ECI #Election2024
#LokSabhaElection2024 https://t.co/3OOlYH41Jyz28qTxy4fA"
1104,TID_6804752990120803040,UID_8645610161587324651,"Thanks @pZk2QfoLm_38BOP  for merging my PR to add high resolution to the Illusion Diffusion Space 📺🌀 

It's now as fast, double the resolution and has crispy details - go play ▶️ 

https://t.co/Jo8Lme6m~tLkqcst9HCO https://t.co/tK2A8H4:tXodxxHBAZEK"
1105,TID_7560059199346458586,UID_1096534694073177320,"@jUSUj71ZmXRZaa सन्दर्भित प्रकरण जौनपुर से सम्बन्धित नही है, कृपया बिना सही जानकारी के किसी भी सूचना को शेयर ना करें। https://t.co/mYHigtubf~iooOscFgSU"
1106,TID_10831117951858542382,UID_14625796900315429691,"Muslims Board in Karnataka are paying expenses for Indian Muslims in Saudi Arabia to fly in and vote for Congress.

And here we have to beg for RWrs to come out and vote in their neighbourhood booth. https://t.co/fq0xeU3Q3A_oZWDPZ7eD"
1107,TID_3308887833124508295,UID_1608537265070199930,"यूपी के बुलंदशहर में हुआ जबरदस्त ब्लास्ट, 4 की मौत I 

मस्जिद के पास मोहम्मद शफ़ीक़ के घर में मे हुआ ब्लास्ट I

घर से केमिकल से भरे ड्रम हुआ बरामद I

आस-पास के मकान भी हो गया जमींदोज I

मृतकों के शरीर के चिथड़े दूर-दूर तक बिखरेI https://t.co/RgvRB-Wub-7v5YQy~_PV"
1108,TID_6356126378553147008,UID_1875883225431733034,"This is the wife of the Vice President of Ukraine. She is fighting for her Country. 
""Salute to her""!!!🪖🎖️
#RussiaUkraineWar #StopPutin #Ukraine #UkraineInvasion #Kyiv
#RussiaInvadesUkraine https://t.co/YQNfG5f3XKn1EdbHmTpx"
1109,TID_4297381734312837630,UID_15680223916702473469,"Received this one from a friend. If this is a legit video… my question would be, how do we prove that this was a “Chinese spy balloon 1.0” versus a US spy balloon? NASA is the biggest consumer of helium… didn’t the parts of the downed balloon have US parts? https://t.co/nUMBdwT_5Lu8y1vs_d~g"
1110,TID_3190098349987670448,UID_15387416896225033114,"#Baghpat चुनाव पर झूठा पोस्ट बनाकर वाइरल किया जा रहा है। @kx33UNvzEKhlK को तहरीर दी गई है|

विकास पर जवाब जब दे नहीं पा रहे तो Photoshop द्वारा फ़र्ज़ी पोस्ट बनाने वाले कौन हैं जनता पहचान ले!! https://t.co/tlYGxZ~51wywI-pT2ryi"
1111,TID_12645110784306541127,UID_4725261466132400708,"छात्राओं को स्कूल में मिल रही नमाज पढ़ने की ट्रेनिंग

जाटलैंड कहे जाने वाले UP के बागपत में चल रही असली #TheKeralaStory

दूसरी तरफ राजनैतिक और किसानी मंचों से हो रहा भाईचारे का जबर्दस्त प्रचार

@levYXNhK7mJFUX @kx33UNvzEKhlK @uu61lWRPzFXmO @gDiS1gyh @klT6y_F4C9 @wJZSkQJ9rBHflN https://t.co/sFflDEmgI5kmN7zwx5MG"
1112,TID_6900775451183186967,UID_17811459177973275592,"#FactCheck -वीडियो उoप्रo से न होकर जनपद कलबुर्गी, कर्नाटक दि० 05/02/23  की घटना से संबंधित है। पूर्व में भी इस भ्रामक एवं विद्वेषपूर्ण ट्वीट का खण्डन किया गया है।@fOlaa4ZA0ML2G द्वारा आपके विरुद्ध वैधानिक कार्यवाही अमल में लाई जा रही है।
#UPPViralCheck

https://t.co/zqT1VQaQTBO_HCa:lwrx… https://t.co/9VQT7ieIwQkED_fcjCuq"
1113,TID_1157795774751614592,UID_3630620580306735315,"‘Khuda ka Baanda’ Mualana drugs a Hindu woman to ‘treat’ her. He was caught red-handed by Hindu activists.

Can’t wait for @s0Rz4Lp18D’s media to write “Tantrik attacked by Hindutva goons while treating a woman”. 

https://t.co/~iAmI:03xzO_Pb-oc5F7"
1114,TID_15983589626461698703,UID_16116848447060543031,"Overnight injury moved from middle to left..?😹😹

Waa Didi 👏🏻👏🏻

#MamataBanerjee https://t.co/snxxW6OUXB7OzzZMpeIg"
1115,TID_1900808944662805970,UID_13937196433496191358,"तिरंगा झंडा उतारो, हम इसे नही लगने देंगे...

यह वीडियो पाकिस्तान का नही बल्कि भारत का ही है। 
और फिर कहेंगे कि हमें गद्दार मत बोलो.... https://t.co/9l61l2~~bV9EoDOfrLzn"
1116,TID_1998348512894529821,UID_600412749948144083,बिग ब्रेकिंग न्यूज - भाजपा कार्यालय से डांट पड़ने के बाद न्यूज 24 ने श्री अखिलेश यादव जी से माफ़ी मांगने वाले ट्विट डीलीट किया और प्रोपेगंडा के तहत इसे फर्जी बताने लगे……😉🤦 https://t.co/-jgMM-AbFJHZD6NMJ7Z3
1117,TID_14793906942726959007,UID_11398646529124702417,"🚨 That's not a deepfake video. Irrationally blaming deepfake and AI for everything seems to have become a new trend.

Here's the video of a possible retake/rehearsal from another angle which was recorded by a passenger. @boUc1Z4XOBkB https://t.co/yRc:vrUyE_xaW_v0OgeT"
1118,TID_11129302604662744547,UID_17788356375698959539,"ॐ हिंदू औरतें जो मजारों पर मौलाना,मौलवी के पास जाती है उनके साथ क्या होता है देखिए,हिंदू अपने 33 कोटि देवी देवताओं को छोड़कर जेहादियों के पास जाती है जागो हिन्दू जागो ॐ https://t.co/-EfTR~ceD4Ma-hpvLkIx"
1119,TID_9366004447659005045,UID_10446371189430479114,"This is the wife of the Vice President of Ukraine. She is fighting for her Motherland. Massive Respect. 🙌🇺🇦

#RussiaUkraineWar #StopPutin #Ukraine #UkraineInvasion #Kyiv https://t.co/eUdJk5vf~wsXkgRPWPh2"
1120,TID_6553008133800342526,UID_12888058260609478158,मोये मोये moment of मीरा भाईंदर कटवे.. 😬😬 https://t.co/j8YWIExdxKtyxFydAOar
1121,TID_9448835925716903866,UID_10424346442661371524,@nClUEqpaiOCP https://t.co/TwRCgLP9M6dtiNWyXdJ9
1122,TID_1172210786554183244,UID_9066328216422079973,"மாண்புமிகு தமிழ்நாட்டின் முதல்வர்,திராவிட நாயகன் தலைவர் @n_KRqeRg அவர்களின் அமெரிக்க பயணம் வெற்றி பெற அமெரிக்கத் திமுக அயலக அணி கிழக்கு மண்டல செயலாளர் @iPWEWrlHNuCXcqD, திணை ரவி,கோசல்,மணி ஆகியோர் நியுயார்க் நகரத்தில் டைம்ஸ் சதுக்கத்திலிருந்து வாழ்த்து தெரிவித்தனர் @k53iM6zcJDH https://t.co/LBGXovKjbDDnDq87flXQ"
1123,TID_1203333931454697455,UID_14978137642234802846,"No comments 🤬
https://t.co/ea8Ek1lr63a4Yj-L5uqz"
1124,TID_1133182922919933992,UID_288852895958812698,С-802/Noor and C-704/Nasr missiles of military wing of Lebanese Hezbollah https://t.co/InWuO1SGVriMLpfKI4mw
1125,TID_16406796149984900944,UID_14768569540309400530,"#BreakingNow: गिरफ्तारी के बाद सामने आई पाकिस्‍तान के पूर्व प्रधानमंत्री #ImranKhan की पहली तस्‍वीर.. बेबस, लाचार हालात में पूर्व PM इमरान खान 

@hOEcSo9xtg @px_DX7e2Le #Pakistan #ImranKhanArrest #ImranKhanArrested https://t.co/G~trBZNK5cJ4oFnocUWE"
1126,TID_8687870817462273020,UID_3914736749811573900,Sermon or confession? https://t.co/PXkviTkvY6QeoRgSa5_2
1127,TID_136847776547412368,UID_1942021591807145179,yes this is a strong case for legal
1128,TID_7964289825513102537,UID_9033870248077888697,"Mr. @hS4buHDTNeBhn2 ಅವರೇ, ನಿನ್ನೆ ನಿಮ್ಮ ತಂದೆ @f9HniBwrc7jV ನವರ ಗೂಂಡಾಗಿರಿಯ ಸ್ಯಾಂಪಲ್ ನೋಡಿದಿರಿ.

ಇವತ್ತು ನಿಮ್ಮ ಕನಕಪುರ ಪಾಳೇಗಾರರ ದಾದಾಗಿರಿ ನೋಡಿ.

ಕರ್ತವ್ಯ ಮಾಡುತ್ತಿರುವ ಪೊಲೀಸರಿಗೆ ""ಏಯ್ ಎತ್ತಂಗಡಿ ಆಗ್ತೀಯ..."" ಎಂದು ಧಮ್ಕಿ ಹಾಕುವುದು ನಿಮ್ಮ ಪ್ರಕಾರ ಗಾಂಧಿಗಿರಿನಾ ಅಥವಾ ಗೂಂಡಾಗಿರಿನಾ? https://t.co/_TAAmyxlVhpLPOdqsoM6"
1129,TID_4215628614918346816,UID_6230904993704639458,#शबनम #खातून ने तीन बार वोट कीया बुर्का पहनकर https://t.co/H0JE-387mAQCP7vpAIvL
1130,TID_10222932766445854326,UID_13292562821566461473,"कभी सोचा नहीं था कुश्ती की रिंग में लड़ते लड़ते एक दिन इंसाफ़ के लिए ऐसे सड़कों पर भी लड़ना पड़ेगा…. देश की बेटियाँ बहुत मज़बूत हैं, जब विदेश में मेडल जीत सकती हैं तो अपने देश में इंसाफ़ की लड़ाई भी जीतके ही मानेंगी। 

#WrestlerProtest https://t.co/eIgfAkVP05uoHtAsnRqy"
1131,TID_13252968810643575371,UID_4666472369700829194,Nageswara's procession of 240 handboats in the river Karthika near the Miralam Mandi Mahakanaleshwar temple in Kerala is a spectacular display. https://t.co/UO1iU2BXBJuha-xlAFtw
1132,TID_8695252596771535464,UID_3511307199193036706,"गुजरात के मोरबी में भाजपा का चुनाव प्रचार कर रहें लोगों की जनता ने की कुटाई ?
@v1mGTIIfNipHO 
@u4gXP93MHwc7eA 
@jpJ0Oaaw53f3rH https://t.co/vMdTWB9gJP~BuT2Agk9O"
1133,TID_15994322292426771169,UID_12345409377831725266,"As Israel begins targeting Gaza Terror Tunnel Network, Hamas Terror groups gives access to Russia Today journalist to visit the Tunnel Network. This is the RT on ground report from underneath Gaza. This is the Gaza Metro. https://t.co/Y1oSutSpcuuqRGSH-WsJ"
1134,TID_10897061341403693682,UID_15194722311535327378,महाराष्ट्र के ईसाई स्कूल में  एक मुस्लिम टीचर ने जबरन  लड़कियों को स्कूल में नमाज पढ़वाई थी। फिर राज ठाकरे की मनसेना के कार्यकर्ता ने उसी मुस्लिम के पास से केसरिया खेस पहनवाया🚩🚩🚩जय श्री राम 🚩🚩 https://t.co/PGWKFnV4fe4Vn~CoGMss
1135,TID_10677693119565230118,UID_12300831444111004422,"Smt @mVPwfdMUtia visits Siva Madam in Varanasi and interacts with the family members of Mahakavi Bharathiyar, including his 96-year-old great nephew Shri K. V. Krishnan. #KashiTamilSangamam https://t.co/R7WrhBTezU5KAf5vZ9lT"
1136,TID_16380506747043990649,UID_7572172852271547549,"🔴 BREAKING: The explosion in Gaza's Jabalia Refugee Camp—in which several civilians, including children, were killed—was the rest of a Palestinian Islamic Jihad rocket that misfired and fell short; there was no Israeli military activity in the area. (IDF) https://t.co/E-~GXICAlm3E-r1Q8YB5"
1137,TID_8156257900067581878,UID_214644813850887764,"""I don't believe I.N.D.I.A will form the govt"" - DK Shivkumar 😳 https://t.co/i27GgYqtTIHb:tcCuuyz"
1138,TID_15633982208879026903,UID_14204773015874624787,"En un momento todos pensamos que era la mamá de Lionel. Es Antonia Farías, la cocinera que está en el corazón de los jugadores de la Selección por sus milanesas. Recomendamos la lectura de este hilo. Para la historia. 🇦🇷🏆👏👩‍🍳"
1139,TID_11139424904984210024,UID_4296217546077371451,"Jamiat in Bangladesh issued a notice about converting Hindus in Bangladesh.

They offered more money if they convert Brahmin girls in Bangladesh, entire Hindu family in Bangladesh &amp; Indian Bengali girls https://t.co/YKLtCCTJQLBVBX93-eZg"
1140,TID_11729591388610848468,UID_897594307058088511,"الفيديو المتداول لتساقط الثلوج على #المسجد_الحرام غير صحيح ومعالج بمؤثرات إضافية.

#نحيطكم_بأجوائكم https://t.co/HhrW-Q_6Vc5tIqr_y_rA"
1141,TID_7524394862553397417,UID_2894129020927601471,अबे नई चीज हो गई राहुल गांधी से आजादी चाहिए इन लोगों को 😂😂😂 इनकी मदद की जाए👍👍👍👍 https://t.co/pp4Nu_AHV4r_DxdVDG0e
1142,TID_4010929591823928224,UID_5421446950990079971,"Muslim migrant in Holland urinates on the pork section of the supermarket as another films, declaring ""we don't eat pork"".

Thankfully the people just voted in @sjTRAJvBo1LaK9y to deal with these uninvited people. https://t.co/nL:qhPY16pB0OPLOSWDo"
1143,TID_11278896789641443779,UID_5489828719621002337,"Latest: A new Russian Ilyushin IL-112V aircraft currently in development &amp; undergoing flight testing has crashed on the outskirts of Moscow, following a fire. 

Unbelievably, the final moments of the flight were filmed. 

 https://t.co/E~qf-uVb06Ig:WoWuLq3"
1144,TID_3822117217266994992,UID_9262976536973036826,"माननीय राष्ट्रीय अध्यक्ष श्री अखिलेश यादव जी का जनसंपर्क अभियान एवं मेल-मुलाकात यात्रा, बेला, बिधूना, कन्नौज। https://t.co/-k9F5rsiqx7VvChkoace"
1145,TID_17424001363550344408,UID_6180875585614378300,@pFa231vOHG43E Stable diffusion
1146,TID_4537092149216176681,UID_10723075641769699726,हिन्दू मंदिर के पुजारी की पिटाई करने वाले एक कट्टर मुस्लिम का वीडियो इसे सभी समूहों में साझा करें कृपया अपराधी की पहचान करने और उसे गिरफ्तार करने के लिए इस वीडियो को साझा करें प्रिय हिंदुओं 🙏🏻🙏🏻🙏🏻😡😡😡 https://t.co/z8Wcdj044BmG6Oc35zBJ
1147,TID_13338370743427323163,UID_4933047425799657531,"करीब 7 साल की मुस्लिम लडकी के साथ जबरदस्ती करता 1400 साल पुराने ख्यालातों वाला करीब 86 वर्षीय मोहम्मदीन।
7/86 😑 https://t.co/ceBUkMX0xcLndKsVD6Xe"
1148,TID_621836687738483444,UID_6691599320194233092,"He is arrested for sharing this video with the caption “This is the culture of foreign religion”

https://t.co/KdKeuWJSxyHXtk3a4v:g"
1149,TID_10145510370932083931,UID_16682183409474753645,#Mandya dist administration has instructed even the teachers to be not allowed inside campus with #hijab. They should remove the hijab at the gate itself before entering school or college. #KarnatakaHijabRow #HijabControversy #Karnataka https://t.co/1~RDz4WCUYaaNrysvc5j
1150,TID_6834644848640190108,UID_4171104169374166579,"⚠️WARNING: Disturbing Visuals

Begari Naresh, a SC boy was dragged from his house and mercilessly thrashed with sticks in Sangareddy, Telangana.

Such a callous act. We demand strict action against the goons. Stop casteism. https://t.co/6Rx:L:VWLRhQe2dMeB3E"
1151,TID_2943277531500731472,UID_16449064339785997386,"यह बात बिल्कुल सच है दिग्विजय सिंह ने कांग्रेस पार्टी को धमकी दी और कांग्रेस डर गई इस्तीफा देने कि धमकी से ओबीसी वर्ग को दिग्विजय सिंह के कहने पर किनारे लगाया गया है लेकिन ओबीसी महासभा अब बतायेगी कि ठाकुर वाद ब्राह्मण वाद कैसे जीतते हैं
दिग्विजय सिंह ओबीसी विरोधी नेता हैं।
यह https://t.co/rCcNEx5abSUNvB0AFK-1"
1152,TID_5715342906684687056,UID_6162400997795746884,"Is Congress planning something sinister to gain Sympathy votes ??? 

 https://t.co/MdadqSB-egfVOfgrGyy8"
1153,TID_3858526539587713301,UID_10969246964745498734,"This is Aligerian Boxer Imane Khelif. Liber@vI want us to believe ""HE"" is a Woman who won Gold in Paris Olympics who thanked Allah for HIS victory over a Woman.

Strange world we are living in. https://t.co/ogMezPAaTGPMmlI4X~bt"
1154,TID_8243469818628207973,UID_3302717346894488226,"रामनवमी करौली कांड राजस्थान से हम
संकल्प लेते है की कांग्रेस को वोट नहीं देंगे 🚩
          
               !!कांग्रेस भगाओ देश बसाओ!!
                       ‼️जय श्री राम ‼️

वैसे ये राजस्थान वाले हर ५ साल में ऐसी क़सम खाते हैं 😜😜🏃‍♂️🏃‍♂️ https://t.co/h-zciMabuUnIeBAeE_0W"
1155,TID_12349174180583370292,UID_7759551382918757183,मोहन भागवत के यहां हैदराबादी खिचड़ी बनाने पहुंचे ओवैसी? https://t.co/H39izXpVdkb0dZ0Gwjbx
1156,TID_598463089820178225,UID_15863948096367316409,"@nTeNNZu3eycbaG @vgdH43nXlFuWf @nTeNNZu3eycbaG Done! Here is your English dub: https://t.co/zIy8HLCboMB08edQQP7L
        
    📺🔴 𝙔𝙤𝙪𝙏𝙪𝙗𝙚: https://t.co/~eaLbpg5K_iA4Dtikwu9 

    💬🟢 𝙒𝙝𝙖𝙩𝙨𝘼𝙥𝙥: https://t.co/T5K0-fLjWaMAIwTOD9NO

    📱🔵 𝙏𝙚𝙡𝙚𝙜𝙧𝙖𝙢: https://t.co/40ka9FSaOUJj6xTuKv~a https://t.co/qo4i-ZSGTlmfnAQTmAZI"
1157,TID_11610012609799719760,UID_18081433060212244180,दुनिया का सबसे बड़ा लोकतंत्र! 😏 https://t.co/GXKgHO_is9MKV8hGMFmk
1158,TID_5755377899477139752,UID_7178239790617889168,"आज @bSX1OfB जी ने सच बोल ही दिया...

सुनिए, ""BJP की सरकार मतलब बलात्कार""

ड्रोन और दूरबीन वाले जरूर सुने!!! https://t.co/zzre~07Ph3GkQc_SDfPd"
1159,TID_14403969697893986987,UID_2872975227642654254,"जो बाईडेन से हाथ न मिलाकर मोदी जी ने
अमेरिका को उसकी औकात  दिखा दी 
हमारे चुनावों में दखलअंदाजी का नतीज़ा
औकात दिखा देंगे दुनिया के सामने !!
#GiorgiaMeloni #Melodi #G72024 #G7meeting #G7ITALY #Bhabhi #selfie #Modi #JoeBiden https://t.co/IY-pvuaeFKjXv_DmqEOj"
1160,TID_81699525519056173,UID_7952036114127721772,This is a picture of a railway station in #Kerala specially decorated for #Onam . The flowers near the tracks are real and have been planted specially for the occasion. Onam will be celebrated from 20 August to 2 September#trivandrum https://t.co/4cOEmbTF-6dsuHelT4zv
1161,TID_3316089466130404873,UID_9494558618666071897,एक बेरोज़गार बंदा 😳 https://t.co/xPkfK1_wRVN~sRqfcDbJ
1162,TID_10331146568936018901,UID_7513576063725349520,New number plates. 22 is the yr. BH is for Bharat. Then the veh regn number. A is the veh segment. The advantage being that the veh can be driven in any State wo the hassles of re registration. One rd one tax. https://t.co/ME~8xPm9sxusdS~k7w:a
1163,TID_9904310973118552178,UID_16213944887981102889,"#LoveJihad has moved from flirting &amp; butterflies-in-the-stomach, to legitimate social &amp; legal sanction faster than many relationships I know. Since 5 states (MP, UP, Karnataka, Haryana, Assam) are planning laws against this crime, here are some facts. 1/n"
1164,TID_8343213699751288434,UID_18440416128060309814,"क्या ये देश के लिए महिला रेसलिंग में पहला ओलंपिक मेडल दिलाने वाली @eSaCFeS9nz1 है?
अगर यह तस्वीर आज की है तो समझ नहीं आ रहा कि यह हिंदुस्तान है या तालिबान?
देश का जमींर जिंदा है या मर गया या फिर बिक गया??
#WrestlerProtest https://t.co/cO4hre9sutR2DPr8fNrd"
1165,TID_2036334028765319307,UID_18125184082894969415,"#GreatEthiopianRun
The biggest running event in #Africa 
Take part in it next time and have fun! https://t.co/jx6O7Ru1K5Il4n-PHr4k"
1166,TID_14553500099936525715,UID_11262618682231388319,बहुत-बहुत बधाई! बापू की जयंती से ठीक पहले उत्तर प्रदेश की यह अभूतपूर्व उपलब्धि पूरे देश को प्रेरित करने वाली है। स्वच्छता के क्षेत्र में हमारा निरंतर प्रयास नारी शक्ति के सम्मान के साथ ही हमारे सभी परिवारजनों के स्वास्थ्य के लिए बेहद महत्वपूर्ण है।
1167,TID_9472002199037258893,UID_12755268763062650327,"Baarish thi, aapko kasht hua uske liye dhanyawad - Rahul 😂 https://t.co/QuLUiiK5t5zEfPcIUjfb"
1168,TID_10215173139471487448,UID_11533712306050316865,"जिस पार्टी के प्रदेश मीडिया प्रभारी की स्थिति ट्रोलर जैसी हो उस पार्टी से क्या ही उम्मीद करेंगे। जनता आपके झूठ का बार-बार जवाब दे रही है, लेकिन आप नहीं सुधरेंगे। 

बहुत ही घटिया दर्जे की एडिटिंग की है। 

पूरा वीडियो देखिए समझ आ जाएगा। https://t.co/B:9Iz539xt_82v3FShSj"
1169,TID_6019857878325356385,UID_5630834889665565084,"Pakistani parents lock daughters' graves to avoid rape 

https://t.co/1wSzLg-V6X0Tab4plWDy"
1170,TID_1815459262235995011,UID_14978137642234802846,"Australia: Parents go furious as a video of children in Australia being taught how to pray in a mosque goes viral.

Furious parents accuse the school of brainwashing and Islamizing their children in the name of pleasing a migrant community. https://t.co/RlyHdMOmPU6hdXghMrHv"
1171,TID_13260284571620217658,UID_5417914336815105926,"हिजाब अधिकारों की लड़ाई लड़ने वाली ये लड़की 'मुस्कान' याद है?
यह भी बताती थी कि हम इतने अमीर नही की दूसरे कॉलेज चले जाएं  
वह अब लंदन में है।  कर्नाटक में भाजपा के विरोध के बाद करियर और जीवन सेट!  
सरकार बदली, काम हुआ, टूलकिट पूरा।
#विरोधी_टूलकिट
#कांग्रेस_के_षड्यंत्र https://t.co/7tLrJiEeumtD4_6VPPcE"
1172,TID_15174376393986274729,UID_1131530755574317366,*कौनी सी गाली देनी चाहिए इन दोनों को याद नही आ रहा है* 😤😤ए व्हिडिओ कहा का है पता नहि है https://t.co/vN7kt4xnxtDbHyiXZxQb
1173,TID_6768788799178392193,UID_12901906962516064181,"आज दिनांक 01.06.23 को  सोशल मीडिया पर एक ट्वीट प्राप्त हुआ जिससे सामाजिक व सांप्रदायिक सौहार्द बिगड़ने की संभावना थी ।शीघ्रता से उस टि्वटर हैंडल के ट्वीट का खंडन किया गया, उस ट्वीटर हैंडल के विरुद्ध अभियोग पंजीकृत कर आवश्यक कार्यवाही की जा रही है~एसीपी नन्दग्राम। https://t.co/CvSE78ThxaEpZGz2DLL2"
1174,TID_14187576837951163822,UID_3612669143295329546,"#खदेड़ा_होई
योगी सरकार के प्रवक्ता और कैबिनेट मंत्री श्रीकांत शर्मा को जनता ने खदेड़ा.. https://t.co/iL7pWrlXXeEz1Em0dmih"
1175,TID_6506499453558862491,UID_712505818831665305,"CM Shri @stvW62vpwp91p9D flagged off a fleet of 25 Pink Buses under Bhraman Sarathi scheme in presence of Industry &amp; Transport Minister Shri @e7VmLWyoqU in Guwahati. 

Under this scheme, women &amp; senior citizens can avail free bus services for their commute within Guwahati. https://t.co/uMeTQd:Ddto6QXbok6cX"
1176,TID_14749905834476359673,UID_2800510193568787267,"Celebrations &amp; tears of joy fill the air as 41 workers emerge from the Silkyara tunnel, each step echoing their strength &amp; determination. 
To those who waited for this moment, your spirit is our beacon. 
A personal thank to the relief workers who worked tirelessly behind the https://t.co/SXu_bAxdFOrpQ4JTVUYy"
1177,TID_12191384977241740587,UID_18099853626496485812,"वारिस पठान सहाब की सगी बहन, सगी पत्नी और सौतेली मां बोलकर ये तीनो एक औरत है  X(Twitter) पर गलत टिप्पणी करने वालो पर मुंबई पुलिस सख्त कार्रवाई करे। @u34ARGtQRDT @nj33cOhKbZZN8P @mq4AsmPHIUHHBKl @vR1PnBJDITb  @sEbzTSzn7icu5K  @m4wXxcVmN7IL @joododk_r3JoRd  @nEHKdXjm40hmD https://t.co/lujufnc~ZoMomFv1l3Uy"
1178,TID_15488511071816191485,UID_3025292031785507416,"@tDEdrv_F4KHF7Tv @lHpBcznqBTSf0aQ @kpc5XkyHW6_ थाना भोपा पुलिस द्वारा 07 नामजद व 10-12 अज्ञात अभियुक्तों के विरुद्ध सुसंगत धाराओं में अभियोग पंजीकृत किया गया है। अभियुक्तों की शीघ्र गिरफ्तारी की जाएगी, स्थानीय पुलिस द्वारा अन्य विधिक कार्यवाही की जा रही है।"
1179,TID_9113400798967451753,UID_17846907358183105907,"ये वीडियो तो पता नही कहाँ का है पर बताया जा रहा है कि...
ट्रेन के होरन से इनको दिक्कत हो रही थी नमाज पढ़ने में 
इसलिए पत्थर फेंक रहे है।
@egPXAYcN @vJGxRktRRp @sBgUllRpcMPa https://t.co/2WXhP4PX4X9Q6F:FVgm1"
1180,TID_16180301359859654258,UID_3246821650883034826,Elazığ / Lalegül anaokulu https://t.co/_dEs0CKdurLoRHTVNMLp
1181,TID_294399740546739383,UID_1580697789668011593,More ‘constitutional morality’.
1182,TID_10503614993321896710,UID_13086019429289440165,"*देख सको तो देखो*

*बंगाल में बकरीद मनाने का दृश्य*

*200 से ज्यादा गाय काटी गई*

*वो भी रेसिडेंसियल कॉप्लेक्स के सामने* https://t.co/C:wD8MdeN3wjdnSONiCc"
1183,TID_6563432507452664911,UID_11543042544322571683,"BJP Bloopers: BJP MLA brings waste to temple premises and then clean it up for the camera. Whom are they fooling?
#SwatchBharat https://t.co/rfY4K7UqCeb~U~iVjJG5"
1184,TID_3676675747785226952,UID_7515869266958383347,"🏆Once again ALLENite Creates history by Securing AIR-1

🎉#ALLEN 2-Year classroom student TANISHKA secured AIR-1 in #NEETUG2022 exam!

Creating history is our tradition and ALLENites know how to mark it

👏Congratulations to her for securing this milestone!

#NEETResult #NEETUG https://t.co/rn1JDu2kXUxTTOBJFgbr"
1185,TID_14224233463202532357,UID_13544839746018680039,"I proudly see my wife Gazala Pathan as part of the fuss against interruption in Islamic Laws on streets of Mumbai,  We have been working together from a week. when it comes to Islamic law we stand together irrespective of Gender, Ideology, Color, Faith &amp; Creed. Thnk u Mumbai. https://t.co/TtQ~lbdqSd7Jt-i7NNJg"
1186,TID_7347787348293489939,UID_1330281176404224581,Just Zoom and see at New York Stock Exchange what is displayed in digital display 👇 https://t.co/RBAxwmPYLhO2wQLxEgDL
1187,TID_3710867679244228368,UID_4662913851363799405,"Scene from Delhi CMs official residence Sheesh Mahal 
@n43cOFyGQMe9
कैसे हुई #DelhiCMResidence मे जम के मार पीट, आप भी देखिये। 
🤣🤣🤣🤣

*ये तो होना ही था ,  स्वाति मालीवाल की पिटाई हुई है, पिटाई केजरीवाल के PA ने की है, खबर आ रही है की CMO में जमकर लात घुसे चल रहे हैं, कारण https://t.co/NooYR8CjSqirhhUE6VDT"
1188,TID_3248457792400793657,UID_4477446812332274561,डाक विभाग देश के प्रत्येक नागरिक की सेवा करने के लिए पूर्णत: प्रतिबद्ध है। हमें बेहद प्रसन्नता है कि आपको हमारी ''माई स्टांप'' सेवा पसंद आई। धन्यवाद हमें सराहने के लिए।
1189,TID_13612547080477677606,UID_8485426947407739247,"Working with #ShashikanthSenthil @blWnhKw ,ex IAS , now Head of the War room was one of the most enriching experiences https://t.co/UQHMbvHbykdAxEAZS_vO"
1190,TID_10133531006377965848,UID_14645814278733555243,"महान बनने के लिए बड़ी तपस्या करनी पड़ती है और प्रधानमंत्री तो कोई बन सकता है पर इस पद उचित इंसान पहली बार है
उम्र छब्बीस की थी, जब रिषिकेश स्थित साधु दयानंद जी के मठ में योग विद्या ग्रहण किया। पहचानिए इस तपस्वी को आज हमारे प्रधानमंत्री हैं। @oRLfV2xHG8Og जी का एक दुर्लभ विडियो👌 https://t.co/Z2iutnN4FaxRxIZkvTux"
1191,TID_10381842379512116401,UID_16101163533607524807,This is the wife of the Vice president of Ukraine.She is fighting for her motherland.I pray peace prevail https://t.co/rB1EFoGf1K1AOtSk-qiW
1192,TID_10337142338233293278,UID_7957400962726547355,https://t.co/9Je~yZLAwaapzSBWWKYR
1193,TID_9378174321184253049,UID_7302756462405150452,"I live in a country where
Temples can be demolished to widen the road but not tombs.
West Tambaram Sri Anjaneyar Temple Tamil Nadu
https://t.co/kJrwvDJS:3V7sNuRvafg"
1194,TID_777141354188732232,UID_7271532335844391849,@ffFfLdbEUa This is outside Bandra Railway station (can't miss the famous stone entry gate). Image available in public domain. Can do a reverse lookup through Google Lens. https://t.co/6ScnN:Gljl1R~P9WBxYE
1195,TID_13265067681441598334,UID_1840795177810750495,"गजब कि दोगलई ⤵️👇⤵️
हिजाब अधिकारों की लड़ाई लड़ने वाली ये लड़की 'मुस्कान' याद है?  वह अब लंदन में है।  कर्नाटक में भाजपा के विरोध के बाद करियर और जीवन सेट!  सरकार बदली, काम हुआ, टूलकिट पूरा।
@tPzKdqM_xq https://t.co/3XGC_dkfkdqIvtjQmua5"
1196,TID_4314412123647696181,UID_13341959094367612851,"We are not the same 😠😡
We give what you deserved 😂👇🤣🤣

Shameless Abdul got his lesson after m0lested a young Hindu Girl at Gujarat #Sharmila #ModiInAmerica #digitalbreak #GOAT𓃵 श्री राम #Prigozhin #आदिपुरुष_कबीर #KanganaRanaut https://t.co/BTy9VKwUEV:q2dW_:BzQ"
1197,TID_15388007280453819104,UID_9338505952975136196,https://t.co/:rSE4Z9u2NJBeEjaT_tT
1198,TID_6507654812842962974,UID_8821485826041508050,"United Nations summoned Israel and gave them a report on human rights violations. 

Israeli repeantative come on the stage, tore the report and went away. 

57 countries with green flags could do nothing about it. This is how a strong and powerful country answers. https://t.co/4TlkZnCFVXGlfA1YvD-F"
1199,TID_132377725227185414,UID_343166717832568271,Weer tien zetels erbij.
1200,TID_3964430871292271431,UID_11880547845733336458,Whoa🔥 https://t.co/iKq~8cUmJhJm62ddLIn6
